symbol,name,buy_price,price_scenario,target_average,additional_quantity,additional_capital
VISL.NS,Vedanta Iron & Steel,32.779998779296875,current,30.247999999999998,,
VISL.NS,Vedanta Iron & Steel,32.779998779296875,current,28.656,,
VISL.NS,Vedanta Iron & Steel,32.779998779296875,current,27.064,,
VISL.NS,Vedanta Iron & Steel,31.14099884033203,5% below current,30.247999999999998,,
VISL.NS,Vedanta Iron & Steel,31.14099884033203,5% below current,28.656,,
VISL.NS,Vedanta Iron & Steel,31.14099884033203,5% below current,27.064,,
VISL.NS,Vedanta Iron & Steel,29.501998901367188,10% below current,30.247999999999998,2134.0451145683933,62958.59662546475
VISL.NS,Vedanta Iron & Steel,29.501998901367188,10% below current,28.656,,
VISL.NS,Vedanta Iron & Steel,29.501998901367188,10% below current,27.064,,
VISL.NS,Vedanta Iron & Steel,27.862998962402344,15% below current,30.247999999999998,667.5049506911663,18598.689748506393
VISL.NS,Vedanta Iron & Steel,27.862998962402344,15% below current,28.656,4015.1271549980834,111873.48375362507
VISL.NS,Vedanta Iron & Steel,27.862998962402344,15% below current,27.064,,
VISL.NS,Vedanta Iron & Steel,26.2239990234375,20% below current,30.247999999999998,395.6261465323918,10374.899680311783
VISL.NS,Vedanta Iron & Steel,26.2239990234375,20% below current,28.656,1309.210000606337,34332.72177737519
VISL.NS,Vedanta Iron & Steel,26.2239990234375,20% below current,27.064,5685.707675656068,149101.99253395584
YESBANK.NS,Yes Bank,22.5,current,22.3915,,
YESBANK.NS,Yes Bank,22.5,current,21.213,,
YESBANK.NS,Yes Bank,22.5,current,20.0345,,
YESBANK.NS,Yes Bank,21.375,5% below current,22.3915,1045.7520905066394,22352.950934579418
YESBANK.NS,Yes Bank,21.375,5% below current,21.213,,
YESBANK.NS,Yes Bank,21.375,5% below current,20.0345,,
YESBANK.NS,Yes Bank,20.25,10% below current,22.3915,496.3843100630396,10051.782278776553
YESBANK.NS,Yes Bank,20.25,10% below current,21.213,2207.698857736238,44705.90186915882
YESBANK.NS,Yes Bank,20.25,10% below current,20.0345,,
YESBANK.NS,Yes Bank,19.125,15% below current,22.3915,325.42690953620064,6223.789644879837
YESBANK.NS,Yes Bank,19.125,15% below current,21.213,1018.2059386973172,19473.188577586192
YESBANK.NS,Yes Bank,19.125,15% below current,20.0345,3506.345244639906,67058.8528037382
YESBANK.NS,Yes Bank,18.0,20% below current,22.3915,242.06011613343946,4357.08209040191
YESBANK.NS,Yes Bank,18.0,20% below current,21.213,661.6912542794892,11910.442577030804
YESBANK.NS,Yes Bank,18.0,20% below current,20.0345,1567.4716146473322,28214.48906365198
RELIANCE.NS,Reliance Industries,1226.0,current,1260.099,25.284407167365714,30998.683187190367
RELIANCE.NS,Reliance Industries,1226.0,current,1193.778,,
RELIANCE.NS,Reliance Industries,1226.0,current,1127.457,,
RELIANCE.NS,Reliance Industries,1164.7,5% below current,1260.099,9.03754756339168,10526.03164708229
RELIANCE.NS,Reliance Industries,1164.7,5% below current,1193.778,59.30070843937005,69067.5351193343
RELIANCE.NS,Reliance Industries,1164.7,5% below current,1127.457,,
RELIANCE.NS,Reliance Industries,1103.4,10% below current,1260.099,5.502096375854362,6071.0131411177035
RELIANCE.NS,Reliance Industries,1103.4,10% below current,1193.778,19.079267078271283,21052.063294164534
RELIANCE.NS,Reliance Industries,1103.4,10% below current,1127.457,107.51627384960709,118633.45656565647
RELIANCE.NS,Reliance Industries,1042.1,15% below current,1260.099,3.9549401602759726,4121.443141023591
RELIANCE.NS,Reliance Industries,1042.1,15% below current,1193.778,11.368464774060836,11847.077141048796
RELIANCE.NS,Reliance Industries,1042.1,15% below current,1127.457,30.30236535960722,31578.09494124668
RELIANCE.NS,Reliance Industries,980.8000000000001,20% below current,1260.099,3.0869176044311017,3027.648786426025
RELIANCE.NS,Reliance Industries,980.8000000000001,20% below current,1193.778,8.096357370244819,7940.907308736119
RELIANCE.NS,Reliance Industries,980.8000000000001,20% below current,1127.457,17.636519225130737,17297.898056008227
NTPC.NS,NTPC,326.6000061035156,current,348.82099999999997,21.481217366947817,7015.7657231561025
NTPC.NS,NTPC,326.6000061035156,current,330.462,247.19562629786915,80734.09305764643
NTPC.NS,NTPC,326.6000061035156,current,312.103,,
NTPC.NS,NTPC,310.2700057983398,5% below current,348.82099999999997,12.381885600746584,3841.727717138023
NTPC.NS,NTPC,310.2700057983398,5% below current,330.462,47.27953021705543,14669.42011458857
NTPC.NS,NTPC,310.2700057983398,5% below current,312.103,781.2365138433017,242394.257680036
NTPC.NS,NTPC,293.94000549316405,10% below current,348.82099999999997,8.69761935419273,2556.578280748861
NTPC.NS,NTPC,293.94000549316405,10% below current,330.462,26.13953626824275,7683.455434276035
NTPC.NS,NTPC,293.94000549316405,10% below current,312.103,78.84173501572339,23174.740023612318
NTPC.NS,NTPC,277.6100051879883,15% below current,348.82099999999997,6.703094111521745,1860.8459910751253
NTPC.NS,NTPC,277.6100051879883,15% below current,330.462,18.063045744926786,5014.482222959995
NTPC.NS,NTPC,277.6100051879883,15% below current,312.103,41.51573407309141,11525.183151414049
NTPC.NS,NTPC,261.28000488281253,20% below current,348.82099999999997,5.45269104333363,1424.679142426679
NTPC.NS,NTPC,261.28000488281253,20% below current,330.462,13.799370752215042,3605.499657518487
NTPC.NS,NTPC,261.28000488281253,20% below current,312.103,28.176261487503737,7361.893739034379
IREDA.NS,Indian Renewable Energy,113.22000122070312,current,118.27499999999999,431.0090061590599,48798.8402034628
IREDA.NS,Indian Renewable Energy,113.22000122070312,current,112.05,,
IREDA.NS,Indian Renewable Energy,113.22000122070312,current,105.825,,
IREDA.NS,Indian Renewable Energy,107.55900115966796,5% below current,118.27499999999999,203.31749120761336,21868.626272580466
IREDA.NS,Indian Renewable Energy,107.55900115966796,5% below current,112.05,970.27413164013,104361.71645027657
IREDA.NS,Indian Renewable Energy,107.55900115966796,5% below current,105.825,,
IREDA.NS,Indian Renewable Energy,101.89800109863282,10% below current,118.27499999999999,133.03719522250918,13556.22426494227
IREDA.NS,Indian Renewable Energy,101.89800109863282,10% below current,112.05,429.2258147716281,43737.252545160925
IREDA.NS,Indian Renewable Energy,101.89800109863282,10% below current,105.825,1664.4389683237252,169603.00382285824
IREDA.NS,Indian Renewable Energy,96.23700103759765,15% below current,118.27499999999999,98.86333163537365,9514.310549173815
IREDA.NS,Indian Renewable Energy,96.23700103759765,15% below current,112.05,275.5644271121864,26519.49405792049
IREDA.NS,Indian Renewable Energy,96.23700103759765,15% below current,105.825,681.7115881667021,65605.87881774125
IREDA.NS,Indian Renewable Energy,90.57600097656251,20% below current,118.27499999999999,78.6580770718991,7124.534065678862
IREDA.NS,Indian Renewable Energy,90.57600097656251,20% below current,112.05,202.91981923087872,18379.66574481996
IREDA.NS,Indian Renewable Energy,90.57600097656251,20% below current,105.825,428.63469201839916,38824.01628284709
IRFC.NS,IRFC,79.94999694824219,current,86.1745,145.7305093205527,11651.153775443969
IRFC.NS,IRFC,79.94999694824219,current,81.639,1074.1247614158508,85876.27139722864
IRFC.NS,IRFC,79.94999694824219,current,77.1035,,
IRFC.NS,IRFC,75.95249710083007,5% below current,86.1745,88.73994743962173,6740.020600635682
IRFC.NS,IRFC,75.95249710083007,5% below current,81.639,319.0361514217858,24231.59236592317
IRFC.NS,IRFC,75.95249710083007,5% below current,77.1035,2364.2859648420826,179573.4228902015
IRFC.NS,IRFC,71.95499725341797,10% below current,86.1745,63.792666745540146,4590.201160463549
IRFC.NS,IRFC,71.95499725341797,10% below current,81.639,187.33988903920155,13480.041201271375
IRFC.NS,IRFC,71.95499725341797,10% below current,77.1035,528.5614350320798,38032.63660599596
IRFC.NS,IRFC,67.95749740600586,15% below current,86.1745,49.79414123260083,3383.88522364876
IRFC.NS,IRFC,67.95749740600586,15% below current,81.639,132.6023941841294,9011.32685879814
IRFC.NS,IRFC,67.95749740600586,15% below current,77.1035,297.53982376814344,20220.061801907046
IRFC.NS,IRFC,63.959997558593756,20% below current,86.1745,40.83368521949114,2611.722406947039
IRFC.NS,IRFC,63.959997558593756,20% below current,81.639,102.61891223856253,6563.505376244007
IRFC.NS,IRFC,63.959997558593756,20% below current,77.1035,207.04526910780135,13242.614906653362
TATAPOWER.NS,Tata Power,367.5,current,415.86249999999995,31.680020677177662,11642.40759886279
TATAPOWER.NS,Tata Power,367.5,current,393.975,115.74126534466461,42534.915014164246
TATAPOWER.NS,Tata Power,367.5,current,372.0875,1001.9346049046375,368210.9673024543
TATAPOWER.NS,Tata Power,349.125,5% below current,415.86249999999995,22.957482674658237,8015.031138790057
TATAPOWER.NS,Tata Power,349.125,5% below current,393.975,68.32218506131542,23852.98285953175
TATAPOWER.NS,Tata Power,349.125,5% below current,372.0875,200.16875340228663,69883.91603157332
TATAPOWER.NS,Tata Power,330.75,10% below current,415.86249999999995,18.00117491555299,5953.888603319152
TATAPOWER.NS,Tata Power,330.75,10% below current,393.975,48.465796757611656,16030.062277580055
TATAPOWER.NS,Tata Power,330.75,10% below current,372.0875,111.19141215603277,36776.55957060784
TATAPOWER.NS,Tata Power,312.375,15% below current,415.86249999999995,14.804928131416876,4624.689425051347
TATAPOWER.NS,Tata Power,312.375,15% below current,393.975,37.5520833333333,11730.332031249989
TATAPOWER.NS,Tata Power,312.375,15% below current,372.0875,76.97508896797159,24045.093416370124
TATAPOWER.NS,Tata Power,294.0,20% below current,415.86249999999995,12.5725715457996,3696.3360344650823
TATAPOWER.NS,Tata Power,294.0,20% below current,393.975,30.650162540635133,9011.147786946729
TATAPOWER.NS,Tata Power,294.0,20% below current,372.0875,58.86185368977113,17305.384984792712
WIPRO.NS,Wipro,164.02000427246094,current,209.1995,75.54876266402107,12391.508374931873
WIPRO.NS,Wipro,164.02000427246094,current,198.18900000000002,199.7866736978182,32769.0110734969
WIPRO.NS,Wipro,164.02000427246094,current,187.1785,442.1601955701861,72523.11716653408
WIPRO.NS,Wipro,155.8190040588379,5% below current,209.1995,63.941987421065065,9963.376797493098
WIPRO.NS,Wipro,155.8190040588379,5% below current,198.18900000000002,161.11660736243056,25105.02929655276
WIPRO.NS,Wipro,155.8190040588379,5% below current,187.1785,326.52836701241097,50879.32494483257
WIPRO.NS,Wipro,147.61800384521484,10% below current,209.1995,55.42663321171643,8181.968954574469
WIPRO.NS,Wipro,147.61800384521484,10% below current,198.18900000000002,134.98864011113713,19926.753594986163
WIPRO.NS,Wipro,147.61800384521484,10% below current,187.1785,258.83813387819237,38209.168642119235
WIPRO.NS,Wipro,139.4170036315918,15% below current,209.1995,48.912767207125086,6819.271443346962
WIPRO.NS,Wipro,139.4170036315918,15% below current,198.18900000000002,116.15242669669558,16193.623294591409
WIPRO.NS,Wipro,139.4170036315918,15% below current,187.1785,214.39372252945319,29890.13039247926
WIPRO.NS,Wipro,131.21600341796875,20% below current,209.1995,43.76894021941657,5743.185409431835
WIPRO.NS,Wipro,131.21600341796875,20% below current,198.18900000000002,101.92929013768416,13374.754083097494
WIPRO.NS,Wipro,131.21600341796875,20% below current,187.1785,182.97548582362273,24009.311973236974
PALASHSECU.NS,Palash Securities,88.91999816894531,current,110.9125,79.62941249035777,7080.647212836803
PALASHSECU.NS,Palash Securities,88.91999816894531,current,105.075,216.80591785926995,19278.381819062794
PALASHSECU.NS,Palash Securities,88.91999816894531,current,99.2375,509.20756652416776,45278.7358829421
PALASHSECU.NS,Palash Securities,84.47399826049805,5% below current,110.9125,66.23862491358379,5595.44148572786
PALASHSECU.NS,Palash Securities,84.47399826049805,5% below current,105.075,170.01600428410404,14361.931650152233
PALASHSECU.NS,Palash Securities,84.47399826049805,5% below current,99.2375,355.86069570085874,30060.975789613967
PALASHSECU.NS,Palash Securities,80.02799835205079,10% below current,110.9125,56.703197609027576,4537.843404811269
PALASHSECU.NS,Palash Securities,80.02799835205079,10% below current,105.075,139.83709703978778,11190.882971455701
PALASHSECU.NS,Palash Securities,80.02799835205079,10% below current,99.2375,273.49746475910723,21887.4546590319
PALASHSECU.NS,Palash Securities,75.58199844360351,15% below current,110.9125,49.56765182641295,3746.422183197024
PALASHSECU.NS,Palash Securities,75.58199844360351,15% below current,105.075,118.7569869178124,8975.890400389138
PALASHSECU.NS,Palash Securities,75.58199844360351,15% below current,99.2375,222.09421294554534,16786.324457183553
PALASHSECU.NS,Palash Securities,71.13599853515625,20% below current,110.9125,44.02725065068468,3131.9224377940623
PALASHSECU.NS,Palash Securities,71.13599853515625,20% below current,105.075,103.1998541155702,7341.22467119354
PALASHSECU.NS,Palash Securities,71.13599853515625,20% below current,99.2375,186.95620255638937,13299.316151189689
OLAELEC.NS,Ola Electric Mobility,38.47999954223633,current,48.146,745.0473472940603,28669.42158281983
OLAELEC.NS,Ola Electric Mobility,38.47999954223633,current,45.612,2019.5253891663815,77711.336050657
OLAELEC.NS,Ola Electric Mobility,38.47999954223633,current,43.077999999999996,4698.756383010017,180808.1434673055
OLAELEC.NS,Ola Electric Mobility,36.55599956512451,5% below current,48.146,621.3656367371277,22714.641946345753
OLAELEC.NS,Ola Electric Mobility,36.55599956512451,5% below current,45.612,1590.4654713279083,58141.05507820856
OLAELEC.NS,Ola Electric Mobility,36.55599956512451,5% below current,43.077999999999996,3312.61615446557,121095.99470206781
OLAELEC.NS,Ola Electric Mobility,34.6319995880127,10% below current,48.146,532.9012713076394,18455.436608377608
OLAELEC.NS,Ola Electric Mobility,34.6319995880127,10% below current,45.612,1311.771899778381,45429.28389269153
OLAELEC.NS,Ola Electric Mobility,34.6319995880127,10% below current,43.077999999999996,2558.00176961115,88588.7162313091
OLAELEC.NS,Ola Electric Mobility,32.70799961090088,15% below current,48.146,466.4870979719054,15257.859818955361
OLAELEC.NS,Ola Electric Mobility,32.70799961090088,15% below current,45.612,1116.1853352211142,36508.18951010547
OLAELEC.NS,Ola Electric Mobility,32.70799961090088,15% below current,43.077999999999996,2083.4024290597845,68143.92583903737
OLAELEC.NS,Ola Electric Mobility,30.783999633789065,20% below current,48.146,414.79252667310436,12768.972989203286
OLAELEC.NS,Ola Electric Mobility,30.783999633789065,20% below current,45.612,971.3552498165011,29902.199654630254
OLAELEC.NS,Ola Electric Mobility,30.783999633789065,20% below current,43.077999999999996,1757.3518266177457,54098.31798703923
STARCEMENT.NS,Star Cement,186.6100006103516,current,257.07,16.514050668171727,3081.6870052669033
STARCEMENT.NS,Star Cement,186.6100006103516,current,243.54000000000002,40.87756938256963,7628.163247431008
STARCEMENT.NS,Star Cement,186.6100006103516,current,230.01000000000002,80.43179836616763,15009.377942202216
STARCEMENT.NS,Star Cement,177.279500579834,5% below current,257.07,14.582939177667603,2585.2561744030077
STARCEMENT.NS,Star Cement,177.279500579834,5% below current,243.54000000000002,35.121377296648355,6226.3002268257405
STARCEMENT.NS,Star Cement,177.279500579834,5% below current,230.01000000000002,66.19963850873404,11735.838853393918
STARCEMENT.NS,Star Cement,167.94900054931642,10% below current,257.07,13.056182125110558,2192.7727389021684
STARCEMENT.NS,Star Cement,167.94900054931642,10% below current,243.54000000000002,30.786204930631527,5170.512348806003
STARCEMENT.NS,Star Cement,167.94900054931642,10% below current,230.01000000000002,56.24691885237678,9446.613805235183
STARCEMENT.NS,Star Cement,158.61850051879884,15% below current,257.07,11.818814402336073,1874.6826184085317
STARCEMENT.NS,Star Cement,158.61850051879884,15% below current,243.54000000000002,27.40366119553926,4346.727647561632
STARCEMENT.NS,Star Cement,158.61850051879884,15% below current,230.01000000000002,48.89573724276771,7755.768523209002
STARCEMENT.NS,Star Cement,149.28800048828128,20% below current,257.07,10.795680218137827,1611.6655136766885
STARCEMENT.NS,Star Cement,149.28800048828128,20% below current,243.54000000000002,24.690828969741432,3686.0444872908283
STARCEMENT.NS,Star Cement,149.28800048828128,20% below current,230.01000000000002,43.243973403969456,6455.806322647015
SJVN.NS,SJVN,61.7599983215332,current,101.384,9.8306072960744,607.1382901052069
SJVN.NS,SJVN,61.7599983215332,current,96.048,22.720950824301163,1403.2458847724783
SJVN.NS,SJVN,61.7599983215332,current,90.712,40.36280506536237,2492.806773089152
SJVN.NS,SJVN,58.67199840545654,5% below current,101.384,9.119872294857819,535.0811327418653
SJVN.NS,SJVN,58.67199840545654,5% below current,96.048,20.8437491107592,1222.9444145902
SJVN.NS,SJVN,58.67199840545654,5% below current,90.712,36.472657360885215,2139.9236945206203
SJVN.NS,SJVN,55.58399848937989,10% below current,101.384,8.504977885419416,472.74067793536216
SJVN.NS,SJVN,55.58399848937989,10% below current,96.048,19.253063733588732,1070.1622654837308
SJVN.NS,SJVN,55.58399848937989,10% below current,90.712,33.266452680113495,1849.082455518456
SJVN.NS,SJVN,52.49599857330322,15% below current,101.384,7.967762817714333,418.27566551115007
SJVN.NS,SJVN,52.49599857330322,15% below current,96.048,17.887949450755876,939.0457688462005
SJVN.NS,SJVN,52.49599857330322,15% below current,90.712,30.578395341582095,1605.2433982255955
SJVN.NS,SJVN,49.407998657226564,20% below current,101.384,7.494381828858378,370.2824073369779
SJVN.NS,SJVN,49.407998657226564,20% below current,96.048,16.70360157741954,825.2915243079922
SJVN.NS,SJVN,49.407998657226564,20% below current,90.712,28.292271015153243,1397.8644883265815
RPOWER.NS,Reliance Power,20.56999969482422,current,38.009499999999996,258.0994249396091,5309.105092242065
RPOWER.NS,Reliance Power,20.56999969482422,current,36.009,583.0850328425781,11994.058947628402
RPOWER.NS,Reliance Power,20.56999969482422,current,34.0085,1004.8275248986849,20669.301880516923
RPOWER.NS,Reliance Power,19.541499710083006,5% below current,38.009499999999996,243.72562970217697,4762.76432216489
RPOWER.NS,Reliance Power,19.541499710083006,5% below current,36.009,546.6676691368907,10682.706097950302
RPOWER.NS,Reliance Power,19.541499710083006,5% below current,34.0085,933.3914930112633,18239.869590073544
RPOWER.NS,Reliance Power,18.512999725341796,10% below current,38.009499999999996,230.86835773549703,4274.065843347368
RPOWER.NS,Reliance Power,18.512999725341796,10% below current,36.009,514.531884926817,9525.528644329761
RPOWER.NS,Reliance Power,18.512999725341796,10% below current,34.0085,871.4384666937032,16132.940094552803
RPOWER.NS,Reliance Power,17.484499740600587,15% below current,38.009499999999996,219.2996318204049,3834.344355677674
RPOWER.NS,Reliance Power,17.484499740600587,15% below current,36.009,485.9645266507102,8496.84664016543
RPOWER.NS,Reliance Power,17.484499740600587,15% below current,34.0085,817.1976995896513,14288.292966494653
RPOWER.NS,Reliance Power,16.455999755859377,20% below current,38.009499999999996,208.83498963114585,3436.5885383850314
RPOWER.NS,Reliance Power,16.455999755859377,20% below current,36.009,460.4024900320689,7576.383263564775
RPOWER.NS,Reliance Power,16.455999755859377,20% below current,34.0085,769.3134774065991,12659.822396382322
IRCTC.NS,IRCTC,458.7000122070313,current,867.92,6.8092470629996,3123.401710918609
IRCTC.NS,IRCTC,458.7000122070313,current,822.24,15.329702885872706,7031.734900879973
IRCTC.NS,IRCTC,458.7000122070313,current,776.56,26.299126411106354,12063.409605808743
IRCTC.NS,IRCTC,435.7650115966797,5% below current,867.92,6.447871885721349,2809.7569670552684
IRCTC.NS,IRCTC,435.7650115966797,5% below current,822.24,14.419975851539794,6283.72094417008
IRCTC.NS,IRCTC,435.7650115966797,5% below current,776.56,24.529233951371573,10688.981917277102
IRCTC.NS,IRCTC,412.8300109863282,10% below current,867.92,6.122920888765789,2527.725497777599
IRCTC.NS,IRCTC,412.8300109863282,10% below current,822.24,13.612173980967274,5619.5139341105305
IRCTC.NS,IRCTC,412.8300109863282,10% below current,776.56,22.982542689615272,9487.883351047629
IRCTC.NS,IRCTC,389.8950103759766,15% below current,867.92,5.829151321548333,2272.7570149982253
IRCTC.NS,IRCTC,389.8950103759766,15% below current,822.24,12.890076521636963,5025.776519150776
IRCTC.NS,IRCTC,389.8950103759766,15% below current,776.56,21.61933514624215,8429.270901165799
IRCTC.NS,IRCTC,366.96000976562505,20% below current,867.92,5.5622805300206615,2041.134517615528
IRCTC.NS,IRCTC,366.96000976562505,20% below current,822.24,12.240731241298525,4491.858855845298
IRCTC.NS,IRCTC,366.96000976562505,20% below current,776.56,20.408789549083476,7489.209612236259
SEPC.NS,SEPC,5.119999885559082,current,11.475999999999999,93.03272330919616,476.32753269633406
SEPC.NS,SEPC,5.119999885559082,current,10.872,205.60361204286062,1052.6904701299802
SEPC.NS,SEPC,5.119999885559082,current,10.267999999999999,344.5897359294553,1764.2994085236453
SEPC.NS,SEPC,4.863999891281128,5% below current,11.475999999999999,89.43073053194084,434.9910635845521
SEPC.NS,SEPC,4.863999891281128,5% below current,10.872,196.8428726031067,957.443710940976
SEPC.NS,SEPC,4.863999891281128,5% below current,10.267999999999999,328.26572248544085,1596.6844384805052
SEPC.NS,SEPC,4.607999897003174,10% below current,11.475999999999999,86.09726137627496,396.7361715541304
SEPC.NS,SEPC,4.607999897003174,10% below current,10.872,188.79820890076374,869.9821271691031
SEPC.NS,SEPC,4.607999897003174,10% below current,10.267999999999999,313.4183688549301,1444.2318114024208
SEPC.NS,SEPC,4.351999902725219,15% below current,11.475999999999999,83.00336776050906,361.23064841960104
SEPC.NS,SEPC,4.351999902725219,15% below current,10.872,181.38527336745207,789.3886920509387
SEPC.NS,SEPC,4.351999902725219,15% below current,10.267999999999999,299.8559788423896,1304.973190753655
SEPC.NS,SEPC,4.095999908447266,20% below current,11.475999999999999,80.12411824721123,328.1883810049951
SEPC.NS,SEPC,4.095999908447266,20% below current,10.872,174.5324651743028,714.8849613750199
SEPC.NS,SEPC,4.095999908447266,20% below current,10.267999999999999,287.41866067498984,1177.266807810794
