symbol,name,signal,horizon,forecast_exit_price,conservative_exit_price,total_additional_quantity,total_capital,final_average,forecast_profit_percent,conservative_profit_percent
IRFC.NS,IRFC,AVERAGING PLAN,24M,602.5148541738482,567.5880134890954,114,8975.186657409668,86.36046706181423,5.9767438119873315,5.5723129204805355
YESBANK.NS,Yes Bank,AVERAGING PLAN,24M,28.524464880463597,25.586613268491558,479,10613.474999999999,23.080097755249817,0.2358901241644611,0.1086007321035547
STARCEMENT.NS,Star Cement,AVERAGING PLAN,24M,336.40332067822806,282.76331196964367,63,11577.284437866212,233.88513045547796,0.4383270968235635,0.20898370674090416
VISL.NS,Vedanta Iron & Steel,NO QUALIFYING AVERAGING PLAN,,,,,,,,
RELIANCE.NS,Reliance Industries,NO QUALIFYING AVERAGING PLAN,,,,,,,,
NTPC.NS,NTPC,NO QUALIFYING AVERAGING PLAN,,,,,,,,
IREDA.NS,Indian Renewable Energy,NO QUALIFYING AVERAGING PLAN,,,,,,,,
TATAPOWER.NS,Tata Power,NO QUALIFYING AVERAGING PLAN,,,,,,,,
WIPRO.NS,Wipro,NO QUALIFYING AVERAGING PLAN,,,,,,,,
PALASHSECU.NS,Palash Securities,NO QUALIFYING AVERAGING PLAN,,,,,,,,
OLAELEC.NS,Ola Electric Mobility,NO QUALIFYING AVERAGING PLAN,,,,,,,,
SJVN.NS,SJVN,NO QUALIFYING AVERAGING PLAN,,,,,,,,
RPOWER.NS,Reliance Power,NO QUALIFYING AVERAGING PLAN,,,,,,,,
IRCTC.NS,IRCTC,NO QUALIFYING AVERAGING PLAN,,,,,,,,
SEPC.NS,SEPC,NO QUALIFYING AVERAGING PLAN,,,,,,,,
