run_at_utc,symbol,name,horizon,folds,mean_abs_error,mean_error,direction_accuracy,price_return_mae,error_p80,error_median,selected_model_for_current_forecast,backtest_model_mix,calibration_adjustment,calibration_samples,error_band
2026-09-27T15:29:36.273967+00:00,YESBANK.NS,Yes Bank,3M,12,0.11686720680962791,0.008914646595223513,0.5,0.11686720680962791,0.17820504812921859,0.018539848264263692,historical_median,historical_median:12,0.009269924132131846,12,0.17820504812921859
2026-09-27T15:29:36.273967+00:00,YESBANK.NS,Yes Bank,6M,12,0.10145702326423889,0.023917350211220986,0.6666666666666666,0.10145702326423889,0.14981581979999972,0.03192415181704573,historical_median,historical_median:9;hist:2;extra_trees:1,0.015962075908522864,12,0.14981581979999972
2026-09-27T15:29:36.273967+00:00,YESBANK.NS,Yes Bank,9M,12,0.09381394061196373,0.029453375685503217,0.6666666666666666,0.09381394061196373,0.19945243192155473,0.02735871444470786,historical_median,historical_median:6;extra_trees:5;hist:1,0.01367935722235393,12,0.19945243192155473
2026-09-27T15:29:36.273967+00:00,YESBANK.NS,Yes Bank,12M,12,0.12696649923949416,0.08186382979567013,0.5833333333333334,0.12696649923949416,0.21614602077158224,0.06746729879607935,extra_trees,hist:6;historical_median:5;extra_trees:1,0.033733649398039675,12,0.21614602077158224
2026-09-27T15:29:36.273967+00:00,YESBANK.NS,Yes Bank,18M,12,0.13201749435263274,0.02399892024395728,0.5833333333333334,0.13201749435263274,0.21789742096279108,0.036391123874012464,historical_median,hist:5;extra_trees:4;historical_median:3,0.018195561937006232,12,0.21789742096279108
2026-09-27T15:29:36.273967+00:00,YESBANK.NS,Yes Bank,24M,12,0.07731952447025983,-0.02413463874687008,0.75,0.07731952447025983,0.130571182754313,-0.027773285171835638,hist,hist:10;extra_trees:2,-0.013886642585917819,12,0.130571182754313
2026-09-27T15:29:36.273967+00:00,YESBANK.NS,Yes Bank,36M,12,0.10678596326408274,0.07731678498124667,1.0,0.10678596326408274,0.16439231098644536,0.05265866705640837,hist,hist:8;extra_trees:4,0.026329333528204185,12,0.16439231098644536
2026-09-27T15:29:36.273967+00:00,RELIANCE.NS,Reliance Industries,3M,12,0.09530329650172031,-0.04152978628841192,0.3333333333333333,0.09530329650172031,0.14095171703445658,-0.06997049243913428,historical_median,historical_median:12,-0.03498524621956714,12,0.14095171703445658
2026-09-27T15:29:36.273967+00:00,RELIANCE.NS,Reliance Industries,6M,12,0.12243417672816699,-0.1143830951098166,0.4166666666666667,0.12243417672816699,0.21966963356394112,-0.1325850646604877,historical_median,historical_median:12,-0.06629253233024385,12,0.21966963356394112
2026-09-27T15:29:36.273967+00:00,RELIANCE.NS,Reliance Industries,9M,12,0.1281659211263533,-0.1281659211263533,0.5833333333333334,0.1281659211263533,0.2565758202418878,-0.09728244768718244,hist,historical_median:6;extra_trees:4;hist:2,-0.04864122384359122,12,0.2565758202418878
2026-09-27T15:29:36.273967+00:00,RELIANCE.NS,Reliance Industries,12M,12,0.16002394015923088,-0.1577860774250189,0.5833333333333334,0.16002394015923088,0.26033179061101913,-0.1246876077856175,hist,historical_median:10;hist:2,-0.06234380389280875,12,0.26033179061101913
2026-09-27T15:29:36.273967+00:00,RELIANCE.NS,Reliance Industries,18M,12,0.2613069611974026,-0.2613069611974026,0.6666666666666666,0.2613069611974026,0.337310278955174,-0.2838939592773287,hist,historical_median:11;extra_trees:1,-0.14194697963866434,12,0.337310278955174
2026-09-27T15:29:36.273967+00:00,RELIANCE.NS,Reliance Industries,24M,12,0.18941466951896327,-0.16813360055067397,0.75,0.18941466951896327,0.33778468848095605,-0.1394819521785042,extra_trees,historical_median:5;hist:4;extra_trees:3,-0.0697409760892521,12,0.33778468848095605
2026-09-27T15:29:36.273967+00:00,RELIANCE.NS,Reliance Industries,36M,12,0.2604867890652201,-0.2604867890652201,1.0,0.2604867890652201,0.4346906599655983,-0.2109392554936217,extra_trees,extra_trees:10;hist:2,-0.10546962774681085,12,0.4346906599655983
2026-09-27T15:29:36.273967+00:00,NTPC.NS,NTPC,3M,12,0.09702091280407661,-0.056112323658434986,0.4166666666666667,0.09702091280407661,0.15075228345912275,-0.03782618366046844,historical_median,historical_median:9;extra_trees:3,-0.01891309183023422,12,0.15075228345912275
2026-09-27T15:29:36.273967+00:00,NTPC.NS,NTPC,6M,12,0.1136272364075336,-0.05299541972937239,0.6666666666666666,0.1136272364075336,0.17618193794025125,-0.006053162547785949,historical_median,historical_median:8;extra_trees:4,-0.0030265812738929747,12,0.17618193794025125
2026-09-27T15:29:36.273967+00:00,NTPC.NS,NTPC,9M,12,0.12555812643193273,-0.058586866350023165,0.5833333333333334,0.12555812643193273,0.188509640145772,-0.054118713577190725,historical_median,historical_median:10;hist:1;extra_trees:1,-0.027059356788595362,12,0.188509640145772
2026-09-27T15:29:36.273967+00:00,NTPC.NS,NTPC,12M,12,0.11708862713992152,-0.08574319462496678,0.6666666666666666,0.11708862713992152,0.19033355204070634,-0.0655222646187806,historical_median,historical_median:8;hist:4,-0.0327611323093903,12,0.19033355204070634
2026-09-27T15:29:36.273967+00:00,NTPC.NS,NTPC,18M,12,0.1779409733764016,-0.03314068810712248,0.6666666666666666,0.1779409733764016,0.22378518226068253,-0.09068938663017831,historical_median,hist:7;historical_median:5,-0.045344693315089155,12,0.22378518226068253
2026-09-27T15:29:36.273967+00:00,NTPC.NS,NTPC,24M,12,0.24913874839480954,-0.019701214226722618,0.9166666666666666,0.24913874839480954,0.39352533448812005,-0.06874322550350453,historical_median,hist:8;historical_median:4,-0.03437161275175227,12,0.39352533448812005
2026-09-27T15:29:36.273967+00:00,NTPC.NS,NTPC,36M,12,0.2937347061203947,0.06000763784323926,1.0,0.2937347061203947,0.5149880695952063,-0.09739900857775041,historical_median,extra_trees:7;hist:4;historical_median:1,-0.048699504288875206,12,0.5149880695952063
2026-09-27T15:29:36.273967+00:00,IREDA.NS,Indian Renewable Energy,3M,12,0.04345323960388914,-0.007222802839085551,1.0,0.04345323960388914,0.06878361305370927,0.003314482389136758,historical_median,hist:5;extra_trees:4;historical_median:3,0.001657241194568379,12,0.06878361305370927
2026-09-27T15:29:36.273967+00:00,IREDA.NS,Indian Renewable Energy,6M,11,0.04186564871848241,0.012568664646508602,1.0,0.04186564871848241,0.05084894961760797,0.003222450581455538,hist,historical_median:5;hist:3;extra_trees:3,0.001611225290727769,11,0.05084894961760797
2026-09-27T15:29:36.273967+00:00,IREDA.NS,Indian Renewable Energy,9M,9,0.01805833680883394,-0.009529754958126318,1.0,0.01805833680883394,0.022016275892000437,-0.015330307797650822,extra_trees,extra_trees:6;historical_median:2;hist:1,-0.007665153898825411,9,0.022016275892000437
2026-09-27T15:29:36.273967+00:00,IREDA.NS,Indian Renewable Energy,12M,8,0.02688277703166042,-0.017467879686010004,1.0,0.02688277703166042,0.02734769983410238,-0.009392130709995783,historical_median,extra_trees:4;historical_median:2;hist:2,-0.0046960653549978915,8,0.02734769983410238
2026-09-27T15:29:36.273967+00:00,IREDA.NS,Indian Renewable Energy,18M,5,0.023675423294704113,-0.012471199782191512,1.0,0.023675423294704113,0.039005785000174785,-0.0037963404132697054,hist,extra_trees:5,-0.0018981702066348527,5,0.039005785000174785
2026-09-27T15:29:36.273967+00:00,IREDA.NS,Indian Renewable Energy,24M,2,0.026120306221430245,-0.026120306221430245,1.0,0.026120306221430245,0.028009417298425633,-0.026120306221430245,hist,extra_trees:1;hist:1,0.0,2,0.059415719091078595
2026-09-27T15:29:36.273967+00:00,IRFC.NS,IRFC,3M,12,0.11813545653286021,-0.11080492285837373,0.3333333333333333,0.11813545653286021,0.1738189416814379,-0.11675838653366649,hist,historical_median:11;hist:1,-0.058379193266833246,12,0.1738189416814379
2026-09-27T15:29:36.273967+00:00,IRFC.NS,IRFC,6M,12,0.2114658379475062,-0.2114658379475062,0.16666666666666666,0.2114658379475062,0.27151102751431544,-0.20101718044668296,hist,historical_median:11;extra_trees:1,-0.10050859022334148,12,0.27151102751431544
2026-09-27T15:29:36.273967+00:00,IRFC.NS,IRFC,9M,12,0.42508937656400597,-0.42177121202984985,0.3333333333333333,0.42508937656400597,0.600957344432393,-0.4109203326662215,hist,historical_median:10;hist:2,-0.15,12,0.600957344432393
2026-09-27T15:29:36.273967+00:00,IRFC.NS,IRFC,12M,12,0.6151220855529251,-0.6151220855529251,0.25,0.6151220855529251,0.7706145706221355,-0.6519653827833451,hist,historical_median:10;hist:2,-0.15,12,0.7706145706221355
2026-09-27T15:29:36.273967+00:00,IRFC.NS,IRFC,18M,12,1.0619068442072213,-0.9937662608674365,0.6666666666666666,1.0619068442072213,2.022965589136084,-0.7801597147775585,historical_median,historical_median:7;hist:4;extra_trees:1,-0.15,12,2.022965589136084
2026-09-27T15:29:36.273967+00:00,IRFC.NS,IRFC,24M,12,0.42741268213940403,-0.40329544902849207,0.9166666666666666,0.42741268213940403,0.43685856182538224,-0.16874850417841597,hist,extra_trees:5;hist:4;historical_median:3,-0.08437425208920799,12,0.43685856182538224
2026-09-27T15:29:36.273967+00:00,IRFC.NS,IRFC,36M,12,1.3244154256396965,-1.2298748039206742,1.0,1.3244154256396965,3.3938887062883905,-0.2152363002502337,hist,historical_median:5;hist:4;extra_trees:3,-0.10761815012511684,12,3.3938887062883905
2026-09-27T15:29:36.273967+00:00,TATAPOWER.NS,Tata Power,3M,12,0.08597718942418357,-0.04477288356591502,0.5,0.08597718942418357,0.12159485665779418,-0.030481409469851173,historical_median,historical_median:12,-0.015240704734925586,12,0.12159485665779418
2026-09-27T15:29:36.273967+00:00,TATAPOWER.NS,Tata Power,6M,12,0.080443947517355,-0.03469113238895918,0.5833333333333334,0.080443947517355,0.10783259155543244,-0.020496785214929147,historical_median,historical_median:12,-0.010248392607464574,12,0.10783259155543244
2026-09-27T15:29:36.273967+00:00,TATAPOWER.NS,Tata Power,9M,12,0.0881879274537251,-0.073024756749715,0.4166666666666667,0.0881879274537251,0.1433042898722319,-0.060458742105984675,historical_median,historical_median:11;hist:1,-0.030229371052992338,12,0.1433042898722319
2026-09-27T15:29:36.273967+00:00,TATAPOWER.NS,Tata Power,12M,12,0.19693619825199968,0.05498593355821598,0.4166666666666667,0.19693619825199968,0.18831970473585316,-0.05927878671345843,historical_median,historical_median:12,-0.029639393356729216,12,0.18831970473585316
2026-09-27T15:29:36.273967+00:00,TATAPOWER.NS,Tata Power,18M,12,0.3748277855097184,-0.0007865975520565949,0.5,0.3748277855097184,0.44878810801728264,-0.1738254941224497,historical_median,historical_median:11;extra_trees:1,-0.08691274706122484,12,0.44878810801728264
2026-09-27T15:29:36.273967+00:00,TATAPOWER.NS,Tata Power,24M,12,0.3647743046626206,-0.2637639293831523,0.75,0.3647743046626206,0.7658798425762348,-0.16262378332838445,historical_median,historical_median:12,-0.08131189166419223,12,0.7658798425762348
2026-09-27T15:29:36.273967+00:00,TATAPOWER.NS,Tata Power,36M,12,1.0328118689090562,-0.7724702179739875,1.0,1.0328118689090562,1.5699962822099305,-0.9659962945055708,extra_trees,historical_median:7;extra_trees:5,-0.15,12,1.5699962822099305
2026-09-27T15:29:36.273967+00:00,WIPRO.NS,Wipro,3M,12,0.06851125338329625,-0.024547594303125555,0.75,0.06851125338329625,0.09564678089208917,-0.0026192615164054023,extra_trees,historical_median:8;extra_trees:4,-0.0013096307582027011,12,0.09564678089208917
2026-09-27T15:29:36.273967+00:00,WIPRO.NS,Wipro,6M,12,0.14111321874411,-0.06761094266162727,0.5833333333333334,0.14111321874411,0.2150249962081396,-0.08402576031396003,extra_trees,historical_median:10;extra_trees:2,-0.042012880156980015,12,0.2150249962081396
2026-09-27T15:29:36.273967+00:00,WIPRO.NS,Wipro,9M,12,0.1820465834566893,-0.12393817377700807,0.5833333333333334,0.1820465834566893,0.2787599706081623,-0.17194673507621372,extra_trees,historical_median:10;extra_trees:2,-0.08597336753810686,12,0.2787599706081623
2026-09-27T15:29:36.273967+00:00,WIPRO.NS,Wipro,12M,12,0.16390979314332607,-0.03795874164642689,0.6666666666666666,0.16390979314332607,0.21790283648619327,-0.08436927206058323,extra_trees,historical_median:9;extra_trees:3,-0.042184636030291614,12,0.21790283648619327
2026-09-27T15:29:36.273967+00:00,WIPRO.NS,Wipro,18M,12,0.1871804713806842,-0.01683125698852084,0.8333333333333334,0.1871804713806842,0.29781944628387025,-0.05623257541485338,hist,historical_median:10;extra_trees:1;hist:1,-0.02811628770742669,12,0.29781944628387025
2026-09-27T15:29:36.273967+00:00,WIPRO.NS,Wipro,24M,12,0.21100954586734733,-0.12263957692897011,0.6666666666666666,0.21100954586734733,0.41291680235396094,-0.06251475600401996,historical_median,historical_median:12,-0.03125737800200998,12,0.41291680235396094
2026-09-27T15:29:36.273967+00:00,WIPRO.NS,Wipro,36M,12,0.33859472842764937,-0.33859472842764937,0.6666666666666666,0.33859472842764937,0.4154710160187084,-0.2753217112702895,historical_median,historical_median:9;hist:3,-0.13766085563514474,12,0.4154710160187084
2026-09-27T15:29:36.273967+00:00,PALASHSECU.NS,Palash Securities,3M,12,0.12232863328920468,-0.03992782252366601,0.3333333333333333,0.12232863328920468,0.1811622974621478,-0.05737220678989796,historical_median,historical_median:11;extra_trees:1,-0.02868610339494898,12,0.1811622974621478
2026-09-27T15:29:36.273967+00:00,PALASHSECU.NS,Palash Securities,6M,12,0.10857957299650954,-0.05508010286890164,0.5833333333333334,0.10857957299650954,0.1672165013793372,-0.020151005954469448,extra_trees,historical_median:8;extra_trees:4,-0.010075502977234724,12,0.1672165013793372
2026-09-27T15:29:36.273967+00:00,PALASHSECU.NS,Palash Securities,9M,12,0.19959963587704424,-0.09376909148949532,0.5,0.19959963587704424,0.26210181888027834,-0.17765988959586942,extra_trees,historical_median:8;extra_trees:4,-0.08882994479793471,12,0.26210181888027834
2026-09-27T15:29:36.273967+00:00,PALASHSECU.NS,Palash Securities,12M,12,0.22794152605050413,-0.18250942089178088,0.4166666666666667,0.22794152605050413,0.40489907953074733,-0.24691911758484553,extra_trees,historical_median:11;extra_trees:1,-0.12345955879242276,12,0.40489907953074733
2026-09-27T15:29:36.273967+00:00,PALASHSECU.NS,Palash Securities,18M,12,0.28761815851591055,-0.26326228421686654,0.5833333333333334,0.28761815851591055,0.49292529992888023,-0.23875288822716179,hist,historical_median:11;hist:1,-0.11937644411358089,12,0.49292529992888023
2026-09-27T15:29:36.273967+00:00,PALASHSECU.NS,Palash Securities,24M,12,0.43847012963543225,-0.3731813950898523,0.5833333333333334,0.43847012963543225,0.6130701789345067,-0.4446326603866432,historical_median,historical_median:12,-0.15,12,0.6130701789345067
2026-09-27T15:29:36.273967+00:00,PALASHSECU.NS,Palash Securities,36M,12,0.4970514822148628,-0.4476864318028391,0.6666666666666666,0.4970514822148628,0.8822719883277109,-0.3582801890665462,historical_median,historical_median:6;hist:5;extra_trees:1,-0.15,12,0.8822719883277109
2026-09-27T15:29:36.273967+00:00,OLAELEC.NS,Ola Electric Mobility,3M,8,0.0580162931827208,0.041854234556140214,0.875,0.0580162931827208,0.12419699623251326,0.005908272881187754,extra_trees,extra_trees:5;hist:2;historical_median:1,0.002954136440593877,8,0.12419699623251326
2026-09-27T15:29:36.273967+00:00,OLAELEC.NS,Ola Electric Mobility,6M,7,0.08856690665703155,0.07285406568858312,0.5714285714285714,0.08856690665703155,0.1655214167009724,0.020534577636413365,hist,hist:5;extra_trees:2,0.010267288818206682,7,0.1655214167009724
2026-09-27T15:29:36.273967+00:00,OLAELEC.NS,Ola Electric Mobility,9M,5,0.057900709482118284,0.05274192098556424,1.0,0.057900709482118284,0.10349967339100272,0.04329469183135337,hist,historical_median:2;hist:2;extra_trees:1,0.021647345915676686,5,0.10349967339100272
2026-09-27T15:29:36.273967+00:00,OLAELEC.NS,Ola Electric Mobility,12M,4,0.019565516027896444,0.008546832475552015,1.0,0.019565516027896444,0.026720426725502042,0.0045941556865872115,extra_trees,extra_trees:2;historical_median:1;hist:1,0.0022970778432936058,4,0.10939095900080777
2026-09-27T15:29:36.273967+00:00,OLAELEC.NS,Ola Electric Mobility,18M,1,0.03951684730805338,0.03951684730805338,1.0,0.03951684730805338,0.03951684730805338,0.03951684730805338,hist,extra_trees:1,0.0,1,0.05173157456195691
2026-09-27T15:29:36.273967+00:00,STARCEMENT.NS,Star Cement,3M,12,0.0991708103713187,-0.0033250046045670465,0.5833333333333334,0.0991708103713187,0.20098913770683557,0.0003834954922943279,historical_median,historical_median:12,0.00019174774614716394,12,0.20098913770683557
2026-09-27T15:29:36.273967+00:00,STARCEMENT.NS,Star Cement,6M,12,0.131526357259351,-0.062269843636039414,0.4166666666666667,0.131526357259351,0.20872835462233572,-0.0876451012704671,extra_trees,historical_median:10;hist:1;extra_trees:1,-0.04382255063523355,12,0.20872835462233572
2026-09-27T15:29:36.273967+00:00,STARCEMENT.NS,Star Cement,9M,12,0.11488291041541172,-0.040904656260621904,0.5833333333333334,0.11488291041541172,0.20329705913403198,-0.026080276075166553,historical_median,historical_median:7;extra_trees:4;hist:1,-0.013040138037583276,12,0.20329705913403198
2026-09-27T15:29:36.273967+00:00,STARCEMENT.NS,Star Cement,12M,12,0.12698573678669708,-0.015055791924578852,0.5,0.12698573678669708,0.1675903683575924,-0.05135518732187644,historical_median,historical_median:7;extra_trees:4;hist:1,-0.02567759366093822,12,0.1675903683575924
2026-09-27T15:29:36.273967+00:00,STARCEMENT.NS,Star Cement,18M,12,0.21959478149946646,0.0958071059863565,0.6666666666666666,0.21959478149946646,0.2945592617419586,0.11776416967012568,historical_median,historical_median:7;extra_trees:4;hist:1,0.05888208483506284,12,0.2945592617419586
2026-09-27T15:29:36.273967+00:00,STARCEMENT.NS,Star Cement,24M,12,0.243538679785516,0.12976876106031296,0.6666666666666666,0.243538679785516,0.2874444484922681,0.10670568135674002,extra_trees,extra_trees:6;historical_median:3;hist:3,0.05335284067837001,12,0.2874444484922681
2026-09-27T15:29:36.273967+00:00,STARCEMENT.NS,Star Cement,36M,12,0.17123131645795256,0.17123131645795256,1.0,0.17123131645795256,0.2645946760766815,0.10258525058174843,historical_median,hist:11;extra_trees:1,0.051292625290874215,12,0.2645946760766815
2026-09-27T15:29:36.273967+00:00,SJVN.NS,SJVN,3M,12,0.13067331098980425,-0.12330400194870539,0.16666666666666666,0.13067331098980425,0.17983609326964872,-0.13785520685393682,historical_median,historical_median:11;extra_trees:1,-0.06892760342696841,12,0.17983609326964872
2026-09-27T15:29:36.273967+00:00,SJVN.NS,SJVN,6M,12,0.17682585923306526,-0.1764555626333758,0.16666666666666666,0.17682585923306526,0.25554272189839305,-0.1676112331466934,historical_median,historical_median:11;hist:1,-0.0838056165733467,12,0.25554272189839305
2026-09-27T15:29:36.273967+00:00,SJVN.NS,SJVN,9M,12,0.27739476030614907,-0.27739476030614907,0.08333333333333333,0.27739476030614907,0.3488972697413363,-0.26948828559710736,historical_median,historical_median:10;extra_trees:2,-0.13474414279855368,12,0.3488972697413363
2026-09-27T15:29:36.273967+00:00,SJVN.NS,SJVN,12M,12,0.28999856504338717,-0.28999856504338717,0.3333333333333333,0.28999856504338717,0.38315975154565063,-0.2949464661856436,historical_median,historical_median:8;extra_trees:3;hist:1,-0.1474732330928218,12,0.38315975154565063
2026-09-27T15:29:36.273967+00:00,SJVN.NS,SJVN,18M,12,0.6610099328617355,-0.1422984671081525,0.4166666666666667,0.6610099328617355,0.6937194597184227,-0.5269540289413721,historical_median,historical_median:7;extra_trees:4;hist:1,-0.15,12,0.6937194597184227
2026-09-27T15:29:36.273967+00:00,SJVN.NS,SJVN,24M,12,0.6775780329944948,0.0712967791815343,0.6666666666666666,0.6775780329944948,0.8660556393426649,-0.216687459201801,historical_median,extra_trees:6;historical_median:4;hist:2,-0.1083437296009005,12,0.8660556393426649
2026-09-27T15:29:36.273967+00:00,SJVN.NS,SJVN,36M,12,0.7602357859061396,0.6034156640893324,1.0,0.7602357859061396,1.154746925521892,0.4826539291125612,historical_median,extra_trees:9;hist:3,0.15,12,1.154746925521892
2026-09-27T15:29:36.273967+00:00,RPOWER.NS,Reliance Power,3M,12,0.24462966392369043,0.006305683913065514,0.5,0.24462966392369043,0.32273473990499735,-0.07682360445238173,historical_median,historical_median:10;extra_trees:2,-0.038411802226190866,12,0.32273473990499735
2026-09-27T15:29:36.273967+00:00,RPOWER.NS,Reliance Power,6M,12,0.20871761302353842,0.007804835730585872,0.8333333333333334,0.20871761302353842,0.25589297427865204,-0.06978503977420084,extra_trees,extra_trees:10;historical_median:2,-0.03489251988710042,12,0.25589297427865204
2026-09-27T15:29:36.273967+00:00,RPOWER.NS,Reliance Power,9M,12,0.36941937045321166,0.005832515408905327,0.5833333333333334,0.36941937045321166,0.4741064816854577,-0.04764398438951015,extra_trees,extra_trees:7;historical_median:5,-0.023821992194755073,12,0.4741064816854577
2026-09-27T15:29:36.273967+00:00,RPOWER.NS,Reliance Power,12M,12,0.41639920721276075,-0.0021821995250031847,0.6666666666666666,0.41639920721276075,0.5935493017650588,-0.09825150261819124,historical_median,extra_trees:8;historical_median:4,-0.04912575130909562,12,0.5935493017650588
2026-09-27T15:29:36.273967+00:00,RPOWER.NS,Reliance Power,18M,12,0.696024565212412,0.2073135743043019,0.75,0.696024565212412,0.978520719426205,-0.07126476824122449,extra_trees,hist:6;historical_median:4;extra_trees:2,-0.035632384120612245,12,0.978520719426205
2026-09-27T15:29:36.273967+00:00,RPOWER.NS,Reliance Power,24M,12,0.8592569038399103,0.11997885647568673,0.75,0.8592569038399103,1.0421210980632216,0.04739065310183865,hist,historical_median:9;extra_trees:3,0.023695326550919327,12,1.0421210980632216
2026-09-27T15:29:36.273967+00:00,RPOWER.NS,Reliance Power,36M,12,0.5936623092544709,-0.22475484283995092,1.0,0.5936623092544709,1.0020817899837333,-0.2827269871358461,historical_median,extra_trees:7;historical_median:4;hist:1,-0.14136349356792305,12,1.0020817899837333
2026-09-27T15:29:36.273967+00:00,IRCTC.NS,IRCTC,3M,12,0.0790295088796978,-0.06865542303140233,0.5833333333333334,0.0790295088796978,0.14963072629536353,-0.05088078426447573,hist,historical_median:6;extra_trees:3;hist:3,-0.025440392132237866,12,0.14963072629536353
2026-09-27T15:29:36.273967+00:00,IRCTC.NS,IRCTC,6M,12,0.147254080857789,-0.1447454518987061,0.3333333333333333,0.147254080857789,0.21571882631272174,-0.16802613403406885,historical_median,historical_median:10;hist:2,-0.08401306701703443,12,0.21571882631272174
2026-09-27T15:29:36.273967+00:00,IRCTC.NS,IRCTC,9M,12,0.24467750309037442,-0.24467750309037442,0.3333333333333333,0.24467750309037442,0.3245893400681079,-0.2494810959606955,historical_median,historical_median:10;extra_trees:1;hist:1,-0.12474054798034775,12,0.3245893400681079
2026-09-27T15:29:36.273967+00:00,IRCTC.NS,IRCTC,12M,12,0.3887079438371406,-0.3887079438371406,0.16666666666666666,0.3887079438371406,0.4864709400954959,-0.4046095748377336,historical_median,historical_median:12,-0.15,12,0.4864709400954959
2026-09-27T15:29:36.273967+00:00,IRCTC.NS,IRCTC,18M,12,0.4956997553199753,-0.4956997553199753,0.4166666666666667,0.4956997553199753,0.6840732292217254,-0.6373232337390344,historical_median,historical_median:12,-0.15,12,0.6840732292217254
2026-09-27T15:29:36.273967+00:00,IRCTC.NS,IRCTC,24M,12,0.44924095281100307,-0.44924095281100307,0.6666666666666666,0.44924095281100307,0.4660214323267801,-0.3614488232793332,historical_median,historical_median:8;hist:4,-0.15,12,0.4660214323267801
2026-09-27T15:29:36.273967+00:00,IRCTC.NS,IRCTC,36M,12,0.6182882140906029,-0.6182882140906029,0.4166666666666667,0.6182882140906029,1.1493534382041688,-0.540525514740636,extra_trees,hist:5;historical_median:4;extra_trees:3,-0.15,12,1.1493534382041688
2026-09-27T15:29:36.273967+00:00,SEPC.NS,SEPC,3M,12,0.13961243498238385,-0.07468116425551745,0.8333333333333334,0.13961243498238385,0.20514270942907809,-0.08094944359349965,historical_median,historical_median:5;extra_trees:4;hist:3,-0.040474721796749824,12,0.20514270942907809
2026-09-27T15:29:36.273967+00:00,SEPC.NS,SEPC,6M,12,0.12660751319986063,-0.07946623046573961,1.0,0.12660751319986063,0.22330123309723512,-0.09028551323032388,historical_median,hist:7;extra_trees:3;historical_median:2,-0.04514275661516194,12,0.22330123309723512
2026-09-27T15:29:36.273967+00:00,SEPC.NS,SEPC,9M,12,0.3474970908391856,-0.34091341361914446,0.3333333333333333,0.3474970908391856,0.4803263139453726,-0.3372328687338495,hist,historical_median:10;extra_trees:1;hist:1,-0.15,12,0.4803263139453726
2026-09-27T15:29:36.273967+00:00,SEPC.NS,SEPC,12M,12,0.3919112362654669,-0.3919112362654669,0.4166666666666667,0.3919112362654669,0.5367663972980679,-0.4512260356564186,extra_trees,historical_median:9;extra_trees:3,-0.15,12,0.5367663972980679
2026-09-27T15:29:36.273967+00:00,SEPC.NS,SEPC,18M,12,0.4790044599574645,-0.16410542420232296,0.75,0.4790044599574645,0.5150878701578538,-0.41815945206824,historical_median,historical_median:6;extra_trees:5;hist:1,-0.15,12,0.5150878701578538
2026-09-27T15:29:36.273967+00:00,SEPC.NS,SEPC,24M,12,0.44041542127843375,-0.22460968082983168,0.75,0.44041542127843375,0.5943803460431386,-0.3454668583397605,historical_median,extra_trees:6;historical_median:4;hist:2,-0.15,12,0.5943803460431386
2026-09-27T15:29:36.273967+00:00,SEPC.NS,SEPC,36M,12,0.6496255504288734,-0.5516859671655017,0.6666666666666666,0.6496255504288734,0.8825710175889627,-0.43519944253364207,historical_median,extra_trees:7;historical_median:5,-0.15,12,0.8825710175889627
