forecast_date,target_date,symbol,name,horizon,current_price,predicted_price,predicted_return,lower_price,upper_price,actual_price,actual_return,error,abs_error,status
2026-09-18,2026-12-18,VEDL.NS,Vedanta,3M,257.45001220703125,274.39888741901007,0.040572145304184376,167.9471049726581,367.8435180490598,,,,,pending
2026-09-18,2027-03-18,VEDL.NS,Vedanta,6M,257.45001220703125,403.26223179387574,0.5292461627846795,266.6318399602591,520.7770465926839,,,,,pending
2026-09-18,2027-06-18,VEDL.NS,Vedanta,9M,257.45001220703125,552.7127399913811,1.095990574158357,373.72643460810025,705.4991631976827,,,,,pending
2026-09-18,2027-09-18,VEDL.NS,Vedanta,12M,257.45001220703125,718.2885549030652,1.723885178811201,515.6016248105441,886.9269202604464,,,,,pending
2026-09-18,2026-12-18,YESBANK.NS,Yes Bank,3M,23.1299991607666,23.21710818913786,-0.01119639515433437,15.977935651857004,29.76411744862947,,,,,pending
2026-09-18,2027-03-18,YESBANK.NS,Yes Bank,6M,23.1299991607666,27.690723138597747,0.17933235427824779,21.203108899485397,33.352803829956144,,,,,pending
2026-09-18,2027-06-18,YESBANK.NS,Yes Bank,9M,23.1299991607666,27.916500587962638,0.18894808910646863,23.167665242966,31.83307136348935,,,,,pending
2026-09-18,2027-09-18,YESBANK.NS,Yes Bank,12M,23.1299991607666,30.253086198942604,0.2884619586351652,25.2254380465231,34.37880999729903,,,,,pending
2026-09-18,2026-12-18,RELIANCE.NS,Reliance Industries,3M,1243.9000244140625,1360.3096922846864,0.08175721056436284,1168.6440994946252,1522.5515417675729,,,,,pending
2026-09-18,2027-03-18,RELIANCE.NS,Reliance Industries,6M,1243.9000244140625,1438.8648312074858,0.14422650593040615,1155.8856920195349,1690.7210653045647,,,,,pending
2026-09-18,2027-06-18,RELIANCE.NS,Reliance Industries,9M,1243.9000244140625,1417.1943378625483,0.1269935092346308,1205.0530294822943,1598.6814778206,,,,,pending
2026-09-18,2027-09-18,RELIANCE.NS,Reliance Industries,12M,1243.9000244140625,1522.22339377059,0.21051562128873957,1381.1902040311807,1630.3306177181537,,,,,pending
2026-09-18,2026-12-18,NTPC.NS,NTPC,3M,329.6000061035156,368.21895873488313,0.10443600922563159,316.1736645177887,411.87056624563246,,,,,pending
2026-09-18,2027-03-18,NTPC.NS,NTPC,6M,329.6000061035156,407.895746100655,0.22344257218942978,308.7772608386641,497.71609768320974,,,,,pending
2026-09-18,2027-06-18,NTPC.NS,NTPC,9M,329.6000061035156,397.78377670106136,0.19311272940384983,277.6071035440788,508.8928222433033,,,,,pending
2026-09-18,2027-09-18,NTPC.NS,NTPC,12M,329.6000061035156,336.479421996065,0.00923643718043002,210.9574666557429,454.3312050533773,,,,,pending
2026-09-18,2026-12-18,IRFC.NS,IRFC,3M,79.30999755859375,75.60246649158309,-0.06767209389727645,49.41325468610536,98.4725932275263,,,,,pending
2026-09-18,2027-03-18,IRFC.NS,IRFC,6M,79.30999755859375,112.9440001446302,0.3928228541780716,95.57438480408332,125.35516952474956,,,,,pending
2026-09-18,2027-06-18,IRFC.NS,IRFC,9M,79.30999755859375,118.63877762312006,0.46305072118598856,86.3313661447727,145.73773210594646,,,,,pending
2026-09-18,2027-09-18,IRFC.NS,IRFC,12M,79.30999755859375,130.47246505449658,0.6089834868266134,82.88457897098135,172.33237385309138,,,,,pending
2026-09-18,2026-12-18,TATAPOWER.NS,Tata Power,3M,369.0,391.0302870262304,0.07234414800850034,323.74099022215717,467.64899100811607,,,,,pending
2026-09-18,2027-03-18,TATAPOWER.NS,Tata Power,6M,369.0,398.5165979982144,0.09287427579484325,285.65819170366893,520.8830238329255,,,,,pending
2026-09-18,2027-06-18,TATAPOWER.NS,Tata Power,9M,369.0,549.4807116472458,0.5068715777991499,387.38682530233564,724.6843991134369,,,,,pending
2026-09-18,2027-09-18,TATAPOWER.NS,Tata Power,12M,369.0,628.4719118363041,0.7234935482124609,506.8132458931392,765.1249926876569,,,,,pending
2026-09-18,2026-12-18,WIPRO.NS,Wipro,3M,166.39999389648438,169.8246445274694,0.01448417395095217,138.07760072331055,199.5427199837263,,,,,pending
2026-09-18,2027-03-18,WIPRO.NS,Wipro,6M,166.39999389648438,155.62485102786937,-0.07034135781328903,108.98079232653349,200.40959244483182,,,,,pending
2026-09-18,2027-06-18,WIPRO.NS,Wipro,9M,166.39999389648438,165.29361715225815,-0.012582896182951676,117.42620237549966,211.1861977213826,,,,,pending
2026-09-18,2027-09-18,WIPRO.NS,Wipro,12M,166.39999389648438,153.50997024313372,-0.08297505471798203,111.69310126737142,193.49278932833198,,,,,pending
2026-09-18,2026-12-18,PALASHSECU.NS,Palash Securities,3M,88.0,92.9314171393919,0.056038831129453216,68.06916812293989,117.7936661558439,,,,,pending
2026-09-18,2027-03-18,PALASHSECU.NS,Palash Securities,6M,88.0,78.93894258972212,-0.10296656148043044,62.68475140140245,95.1931337780418,,,,,pending
2026-09-18,2027-06-18,PALASHSECU.NS,Palash Securities,9M,88.0,90.61787295159638,0.0297485562681408,67.26623355734039,113.9695123458524,,,,,pending
2026-09-18,2027-09-18,PALASHSECU.NS,Palash Securities,12M,88.0,83.73248977061893,-0.048494434424785,52.627522497810666,114.83745704342718,,,,,pending
2026-09-18,2026-12-18,STARCEMENT.NS,Star Cement,3M,187.3000030517578,194.5022695624436,0.03845310407547371,153.74499846072678,235.2595406641604,,,,,pending
2026-09-18,2027-03-18,STARCEMENT.NS,Star Cement,6M,187.3000030517578,181.54520078773785,-0.030725051629762527,137.08216228652793,226.00823928894783,,,,,pending
2026-09-18,2027-06-18,STARCEMENT.NS,Star Cement,9M,187.3000030517578,192.99412045936438,0.030401053469460294,131.6468503918052,254.34139052692356,,,,,pending
2026-09-18,2027-09-18,STARCEMENT.NS,Star Cement,12M,187.3000030517578,210.54414202414895,0.1241011136874778,147.90492583717625,273.18335821112163,,,,,pending
2026-09-18,2026-12-18,SJVN.NS,SJVN,3M,64.75,61.43761426442729,-0.07165890025506093,43.205051649253456,77.01512076771616,,,,,pending
2026-09-18,2027-03-18,SJVN.NS,SJVN,6M,64.75,72.82099636933737,0.1003474770857958,42.48429534715335,100.01070293545722,,,,,pending
2026-09-18,2027-06-18,SJVN.NS,SJVN,9M,64.75,56.94040322524035,-0.13961313141929405,-1.5546345144365938,112.97473399563802,,,,,pending
2026-09-18,2027-09-18,SJVN.NS,SJVN,12M,64.75,103.40831112172256,0.5625311369730418,-3.145838410575837,205.49362064858474,,,,,pending
2026-09-18,2026-12-18,RPOWER.NS,Reliance Power,3M,21.049999237060547,23.38283683954667,0.08354202605256564,12.037375941778016,33.57974170168108,,,,,pending
2026-09-18,2027-03-18,RPOWER.NS,Reliance Power,6M,21.049999237060547,34.054892740030574,0.5780765922348593,18.59264219457345,47.844379930560336,,,,,pending
2026-09-18,2027-06-18,RPOWER.NS,Reliance Power,9M,21.049999237060547,41.52192413038787,0.9240928766072527,28.565120872928315,52.4391862963043,,,,,pending
2026-09-18,2027-09-18,RPOWER.NS,Reliance Power,12M,21.049999237060547,53.13584669052985,1.4622727932523796,37.91438084956666,65.7472999892284,,,,,pending
2026-09-18,2026-12-18,IRCTC.NS,IRCTC,3M,457.0,461.99207094739216,-0.0019613803436238993,389.9690231285573,522.2382752373704,,,,,pending
2026-09-18,2027-03-18,IRCTC.NS,IRCTC,6M,457.0,505.81377296304,0.09270637207256514,373.0643943702411,625.6692297040835,,,,,pending
2026-09-18,2027-06-18,IRCTC.NS,IRCTC,9M,457.0,653.1164016390185,0.4109233317144333,447.7323465655023,841.8515786214897,,,,,pending
2026-09-18,2027-09-18,IRCTC.NS,IRCTC,12M,457.0,790.4443850638002,0.7075921267792513,570.7294643742729,990.0097395019628,,,,,pending
2026-09-18,2026-12-18,SEPC.NS,SEPC,3M,5.21999979019165,4.747635917260524,-0.09912031604488791,3.0417764549607456,6.363407067506466,,,,,pending
2026-09-18,2027-03-18,SEPC.NS,SEPC,6M,5.21999979019165,4.477276609396782,-0.15042189267529443,0.40327306969466176,8.466322014278102,,,,,pending
2026-09-18,2027-06-18,SEPC.NS,SEPC,9M,5.21999979019165,3.7454570902217816,-0.289287077082058,0.4311379713642649,6.988704645672039,,,,,pending
2026-09-18,2027-09-18,SEPC.NS,SEPC,12M,5.21999979019165,3.9808206956757237,-0.24462605121758288,-0.690125889835883,8.576229598156795,,,,,pending
