run_at_utc,symbol,name,shares,current_price,data_date,status,benchmark_data,volatility_20,atr_pct,return_20d,ma_ratio_20,3M_status,3M_raw_predicted_price,3M_predicted_price,3M_expected_return,3M_prediction_change_vs_previous,3M_prediction_stability,3M_calibration_adjustment,3M_calibration_samples,3M_error_band,3M_lower_price,3M_upper_price,3M_validation_mae,3M_validation_samples,3M_training_samples,3M_confidence,3M_model,3M_candidate_mae_hist,3M_candidate_mae_extra_trees,3M_candidate_mae_historical_median,3M_backtest_model_mix,6M_status,6M_raw_predicted_price,6M_predicted_price,6M_expected_return,6M_prediction_change_vs_previous,6M_prediction_stability,6M_calibration_adjustment,6M_calibration_samples,6M_error_band,6M_lower_price,6M_upper_price,6M_validation_mae,6M_validation_samples,6M_training_samples,6M_confidence,6M_model,6M_candidate_mae_hist,6M_candidate_mae_extra_trees,6M_candidate_mae_historical_median,6M_backtest_model_mix,9M_status,9M_raw_predicted_price,9M_predicted_price,9M_expected_return,9M_prediction_change_vs_previous,9M_prediction_stability,9M_calibration_adjustment,9M_calibration_samples,9M_error_band,9M_lower_price,9M_upper_price,9M_validation_mae,9M_validation_samples,9M_training_samples,9M_confidence,9M_model,9M_candidate_mae_hist,9M_candidate_mae_extra_trees,9M_candidate_mae_historical_median,9M_backtest_model_mix,12M_status,12M_raw_predicted_price,12M_predicted_price,12M_expected_return,12M_prediction_change_vs_previous,12M_prediction_stability,12M_calibration_adjustment,12M_calibration_samples,12M_error_band,12M_lower_price,12M_upper_price,12M_validation_mae,12M_validation_samples,12M_training_samples,12M_confidence,12M_model,12M_candidate_mae_hist,12M_candidate_mae_extra_trees,12M_candidate_mae_historical_median,12M_backtest_model_mix,18M_status,18M_raw_predicted_price,18M_predicted_price,18M_expected_return,18M_prediction_change_vs_previous,18M_prediction_stability,18M_calibration_adjustment,18M_calibration_samples,18M_error_band,18M_lower_price,18M_upper_price,18M_validation_mae,18M_validation_samples,18M_training_samples,18M_confidence,18M_model,18M_candidate_mae_hist,18M_candidate_mae_extra_trees,18M_candidate_mae_historical_median,18M_backtest_model_mix,24M_status,24M_raw_predicted_price,24M_predicted_price,24M_expected_return,24M_prediction_change_vs_previous,24M_prediction_stability,24M_calibration_adjustment,24M_calibration_samples,24M_error_band,24M_lower_price,24M_upper_price,24M_validation_mae,24M_validation_samples,24M_training_samples,24M_confidence,24M_model,24M_candidate_mae_hist,24M_candidate_mae_extra_trees,24M_candidate_mae_historical_median,24M_backtest_model_mix,36M_status,36M_raw_predicted_price,36M_predicted_price,36M_expected_return,36M_prediction_change_vs_previous,36M_prediction_stability,36M_calibration_adjustment,36M_calibration_samples,36M_error_band,36M_lower_price,36M_upper_price,36M_validation_mae,36M_validation_samples,36M_training_samples,36M_confidence,36M_model,36M_candidate_mae_hist,36M_candidate_mae_extra_trees,36M_candidate_mae_historical_median,36M_backtest_model_mix
2026-09-27T15:29:36.273967+00:00,VISL.NS,Vedanta Iron & Steel,1000,32.779998779296875,2026-09-25,error: no horizon has enough labelled history,available,0.031417818763668094,0.040094130559539934,-0.15055717414661351,-0.021711595772307857,unavailable: Insufficient history for target_3M: 0 labelled rows < 80,,,,,,,,,,,,,,,,,,,,unavailable: Insufficient history for target_6M: 0 labelled rows < 80,,,,,,,,,,,,,,,,,,,,unavailable: Insufficient history for target_9M: 0 labelled rows < 80,,,,,,,,,,,,,,,,,,,,unavailable: Insufficient history for target_12M: 0 labelled rows < 80,,,,,,,,,,,,,,,,,,,,unavailable: Insufficient history for target_18M: 0 labelled rows < 80,,,,,,,,,,,,,,,,,,,,unavailable: Insufficient history for target_24M: 0 labelled rows < 80,,,,,,,,,,,,,,,,,,,,unavailable: Insufficient history for target_36M: 0 labelled rows < 80,,,,,,,,,,,,,,,,,,,
2026-09-27T15:29:36.273967+00:00,YESBANK.NS,Yes Bank,902,22.5,2026-09-25,ok,available,0.020306568938467686,0.02450794038318456,0.018099529937821268,-0.012313159761579096,ok,22.29607301676646,22.504646309739428,0.0002065026550856497,0.002673760643896461,stable,0.009269924132131846,12,0.17820504812921859,18.495032726832008,26.514259892646844,0.11789464194822072,470,2353,high,historical_median,0.19396231748007975,0.16053146835615945,0.11789464194822072,historical_median:12,ok,21.738722138100503,22.097868846042264,-0.017872495731454854,0.003096225010213338,stable,0.015962075908522864,12,0.14981581979999972,18.72701290054227,25.468724791542257,0.13975494935047494,458,2293,high,historical_median,0.1845652599400543,0.170833439179114,0.13975494935047494,historical_median:9;hist:2;extra_trees:1,ok,21.407284370865042,21.715069908368005,-0.03488578185031087,0.002673772928450724,stable,0.01367935722235393,12,0.19945243192155473,17.227390190133026,26.202749626602987,0.14946452891229262,446,2231,high,historical_median,0.21498380797366634,0.16535519052626005,0.14946452891229262,historical_median:6;extra_trees:5;hist:1,ok,25.042552557592863,25.801559669048757,0.14673598529105586,-0.012333008230219433,stable,0.033733649398039675,12,0.21614602077158224,20.938274201688156,30.664845136409358,0.15408046228470856,433,2168,high,extra_trees,0.2007924886667966,0.15408046228470856,0.17416070237375544,hist:6;historical_median:5;extra_trees:1,ok,16.446419309685425,16.855819453268065,-0.2508524687436416,0.000536451315605424,stable,0.018195561937006232,12,0.21789742096279108,11.953127481605266,21.758511424930866,0.2750065846440138,408,2042,high,historical_median,0.5279831117027556,0.3193504986531125,0.2750065846440138,hist:5;extra_trees:4;historical_median:3,ok,28.836914338646746,28.524464880463594,0.26775399468727085,-0.013250530145538564,stable,-0.013886642585917819,12,0.130571182754313,25.586613268491554,31.462316492435637,0.34397156463110395,383,1917,high,hist,0.34397156463110395,0.35053306254497363,0.5493060514550091,hist:10;extra_trees:2,ok,16.371607852741068,16.964017857125658,-0.24604365079441512,-0.04835389337203244,stable,0.026329333528204185,12,0.16439231098644536,13.26519085993064,20.662844854320678,0.25487469638977067,333,1665,high,hist,0.25487469638977067,0.37612627590810477,1.0961768632572455,hist:8;extra_trees:4
2026-09-27T15:29:36.273967+00:00,RELIANCE.NS,Reliance Industries,13,1226.0,2026-09-25,ok,available,0.01232040864740696,0.014891639341426822,-0.04739704739704742,-0.0316950113559048,ok,1286.6466690273369,1243.7547571621476,0.014481857391637515,0.005164707051107609,stable,-0.03498524621956714,12,0.14095171703445658,1070.947952077904,1416.5615622463915,0.10153633553885753,470,2353,high,historical_median,0.1148986972343932,0.11773454939113416,0.10153633553885753,historical_median:12,ok,1356.1957476246548,1274.9211029877756,0.039903020381546306,0.005165214129455364,stable,-0.06629253233024385,12,0.21966963356394112,1005.6061322383839,1544.2360737371675,0.139775521000348,458,2293,high,historical_median,0.17696200923561411,0.17222732670223562,0.139775521000348,historical_median:12,ok,1484.2445563622766,1424.6104159300337,0.16199870793640592,0.0034725249706630823,stable,-0.04864122384359122,12,0.2565758202418878,1110.0484603134792,1739.1723715465882,0.20164180061998532,446,2231,high,hist,0.20164180061998532,0.2057016180093807,0.22116958879684032,historical_median:6;extra_trees:4;hist:2,ok,1650.355859997016,1573.9223564244323,0.28378658762188613,0.06525375032484737,stable,-0.06234380389280875,12,0.26033179061101913,1254.755581135323,1893.089131713542,0.22714795551281536,433,2168,high,hist,0.22714795551281536,0.24716720296700367,0.24575844472833602,historical_median:10;hist:2,ok,1445.3259189444282,1271.2989219074257,0.03694854967979261,0.04861665392088321,stable,-0.14194697963866434,12,0.337310278955174,857.7565199083824,1684.8413239064691,0.3152668761074673,408,2042,high,hist,0.3152668761074673,0.3208789979539529,0.3175860991133654,historical_median:11;extra_trees:1,ok,1462.8664908062874,1377.3640541208645,0.12346170809205896,-0.0059046644026755635,stable,-0.0697409760892521,12,0.33778468848095605,963.2400260432122,1791.4880821985164,0.37446770249296085,383,1917,high,extra_trees,0.5389359788267055,0.37446770249296085,0.4430055590926608,historical_median:5;hist:4;extra_trees:3,ok,1632.5174990205635,1503.2117354029733,0.22611071403178895,0.0010187980790827833,stable,-0.10546962774681085,12,0.4346906599655983,970.2809862851498,2036.1424845207969,0.6836579732536444,333,1665,high,extra_trees,0.824411267936445,0.6836579732536444,0.7041743913440701,extra_trees:10;hist:2
2026-09-27T15:29:36.273967+00:00,NTPC.NS,NTPC,26,326.6000061035156,2026-09-25,ok,available,0.008307849889333571,0.013220643887781868,0.0002366466386223287,-0.007830258035746551,ok,343.9253726743254,337.7483567671345,0.0341345696732334,0.0030706230168269233,stable,-0.01891309183023422,12,0.15075228345912275,288.51266006926613,386.98405346500294,0.10432895736712704,470,2353,high,historical_median,0.11587416405602621,0.11489249215203523,0.10432895736712704,historical_median:9;extra_trees:3,ok,360.297398779609,359.3089173170828,0.10014975689620799,0.002798106300777148,stable,-0.0030265812738929747,12,0.17618193794025125,301.76789531046745,416.8499393236981,0.13390416907188948,458,2293,high,historical_median,0.19443098423069066,0.17763171375366596,0.13390416907188948,historical_median:8;extra_trees:4,ok,370.0219342700353,361.1843481777229,0.10589204356366647,0.003071460400975834,stable,-0.027059356788595362,12,0.188509640145772,299.61709855554216,422.75159779990355,0.14512647392569863,446,2231,high,historical_median,0.21771578226597812,0.20466203346999445,0.14512647392569863,historical_median:10;hist:1;extra_trees:1,ok,394.4487101165339,383.7489241043289,0.17498137456464097,0.0016616386225378754,stable,-0.0327611323093903,12,0.19033355204070634,321.5859848461304,445.9118633625274,0.20044976508723203,433,2168,high,historical_median,0.30264609964874684,0.26176084666269706,0.20044976508723203,historical_median:8;hist:4,ok,438.5179146039184,423.7083374904483,0.29733107646101586,0.003476149478212953,stable,-0.045344693315089155,12,0.22378518226068253,350.620095598233,496.79657938266354,0.2870998521493752,408,2042,high,historical_median,0.49540567741788705,0.4193327667816737,0.2870998521493752,hist:7;historical_median:5,ok,440.0778873499055,428.8521184153955,0.31308055848434724,-0.0022909004746098915,stable,-0.03437161275175227,12,0.39352533448812005,300.3267417696875,557.3774950611036,0.3518131323865753,383,1917,high,historical_median,0.7711290485850955,0.7776062444732378,0.3518131323865753,hist:8;historical_median:4,ok,513.2692877239266,497.3640293259418,0.5228537049331916,0.003106669948581109,stable,-0.048699504288875206,12,0.5149880695952063,329.16892265290966,665.5591359989739,0.6740360113170091,333,1665,high,historical_median,1.0603354136776868,0.8452954949692998,0.6740360113170091,extra_trees:7;hist:4;historical_median:1
2026-09-27T15:29:36.273967+00:00,IREDA.NS,Indian Renewable Energy,350,113.22000122070312,2026-09-25,ok,available,0.017411325112767603,0.021245605762312644,-0.02602685611311395,0.01392247660515511,ok,104.08119232579502,104.26882517586705,-0.07906002427422061,-0.011006281907094961,stable,0.001657241194568379,12,0.06878361305370927,96.4811444219617,112.05650592977238,0.08088066283236203,115,575,high,historical_median,0.09077614517251527,0.08658996672793505,0.08088066283236203,hist:5;extra_trees:4;historical_median:3,ok,100.14505342083179,100.32747635021481,-0.11387144260276529,-0.0014302676855141305,stable,0.001611225290727769,11,0.05084894961760797,94.57035821243777,106.08459448799186,0.06570916142214864,103,515,high,hist,0.06570916142214864,0.07261217531512065,0.07379575171580482,historical_median:5;hist:3;extra_trees:3,ok,92.51050188885307,91.64265315507117,-0.19057894217445367,-0.0022653138745709622,stable,-0.007665153898825411,9,0.022016275892000437,89.14997037170355,94.1353359384388,0.026964067160705076,90,453,medium,extra_trees,0.041835937813449325,0.026964067160705076,0.05671937285428648,extra_trees:6;historical_median:2;hist:1,ok,83.35130708277943,82.81961855755407,-0.268507174839971,-0.011003520516444265,stable,-0.0046960653549978915,8,0.02734769983410238,79.72331194895357,85.91592516615455,0.04429697126785451,78,390,medium,historical_median,0.08877455846112152,0.08352842758196936,0.04429697126785451,extra_trees:4;historical_median:2;hist:2,ok,66.65146541426257,66.43655458115028,-0.4132083212784681,-0.0058673806007376594,stable,-0.0018981702066348527,5,0.039005785000174785,62.020319555816,70.85278960648455,0.030382445012862795,52,264,medium,hist,0.030382445012862795,0.0370560774672677,0.061948171304520155,extra_trees:5,ok,75.11298268528466,75.11298268528466,-0.3365749701868959,-0.011900928487553752,stable,0.0,2,0.059415719091078595,68.38593489726378,81.84003047330553,0.11373984268637966,27,139,low,hist,0.11373984268637966,0.15636448380975687,0.24337029019959303,extra_trees:1;hist:1,unavailable: Insufficient history for target_36M: 0 labelled rows < 80,,,,,,,,,,,,,,,,,,,
2026-09-27T15:29:36.273967+00:00,IRFC.NS,IRFC,200,79.94999694824219,2026-09-25,ok,available,0.011079045221676555,0.01719823592959783,-0.047079910676978254,-0.015369869098726952,ok,76.14078258195535,71.47336625843118,-0.10602415276261457,0.016537243018231118,stable,-0.058379193266833246,12,0.1738189416814379,57.576542401453544,85.37019011540883,0.09705971321645758,254,1272,high,hist,0.09705971321645758,0.14302493955411738,0.13323980435073327,historical_median:11;hist:1,ok,71.6009319232392,63.56527044161092,-0.20493717488492671,-0.0769449187962794,stable,-0.10050859022334148,12,0.27151102751431544,41.8579646204273,85.27257626279453,0.18162294533323972,242,1212,high,hist,0.18162294533323972,0.4032786475813842,0.19183902939574865,historical_median:11;extra_trees:1,ok,66.27630022377932,54.283800681542985,-0.32102810814758276,0.0487854198663944,stable,-0.15,12,0.600957344432393,6.237262828149432,102.33033853493653,0.2619507360640869,230,1150,high,hist,0.2619507360640869,0.5836470105785081,0.5609795657566895,historical_median:10;hist:2,ok,99.43934817281091,87.44684863057456,0.09376925539078729,0.0001651024847422189,stable,-0.15,12,0.7706145706221355,25.83621606106388,149.05748120008525,0.44831173782831085,217,1087,high,hist,0.44831173782831085,1.400082976355488,0.7457024936224858,historical_median:10;hist:2,ok,182.9911441272329,170.99864458499655,1.138819901340299,0.0007510021160608282,stable,-0.15,12,2.022965589136084,9.26255190716769,332.73473726282543,1.632455581140908,192,961,high,historical_median,3.333817987125419,3.6656585227573957,1.632455581140908,historical_median:7;hist:4;extra_trees:1,ok,609.2605753708906,602.5148541738482,6.536146055939222,-0.0049455706201514404,stable,-0.08437425208920799,12,0.43685856182538224,567.5880134890954,637.441694858601,1.597496005613773,167,836,high,hist,1.597496005613773,1.8962857049135304,3.7607894916537155,extra_trees:5;hist:4;historical_median:3,ok,560.7799772130373,552.1759064389587,5.906515666241049,-0.006782905321505939,stable,-0.10761815012511684,12,3.3938887062883905,280.83451472852823,823.5172981493891,1.878453650385679,117,585,high,hist,1.878453650385679,2.198894969473559,3.793269517256055,historical_median:5;hist:4;extra_trees:3
2026-09-27T15:29:36.273967+00:00,TATAPOWER.NS,Tata Power,70,367.5,2026-09-25,ok,available,0.013963061845007846,0.019018453851964892,0.04447916335087432,0.007663731591445844,ok,379.6053892868902,374.004430296805,0.017699130059333518,0.0023185182329896747,stable,-0.015240704734925586,12,0.12159485665779418,329.3183204750657,418.69054011854445,0.08964056808749644,470,2353,high,historical_median,0.12058143645772317,0.11615347272717477,0.08964056808749644,historical_median:12,ok,384.4151856894999,380.64890140625664,0.03577932355443991,0.0023183125512493685,stable,-0.010248392607464574,12,0.10783259155543244,341.02042400963524,420.27737880287805,0.09081533993379763,458,2293,high,historical_median,0.20573340512270757,0.19671657125689343,0.09081533993379763,historical_median:12,ok,388.40183986850957,377.2925460065349,0.02664638369125144,0.002318373879910629,stable,-0.030229371052992338,12,0.1433042898722319,324.62821947848965,429.9568725345801,0.10988768239750925,446,2231,high,historical_median,0.39954038649528356,0.33570623758506124,0.10988768239750925,historical_median:11;hist:1,ok,394.1354499693898,383.2429729107919,0.04283802152596422,0.002318407867791805,stable,-0.029639393356729216,12,0.18831970473585316,314.0354814203658,452.4504644012179,0.11907198107386224,433,2168,high,historical_median,0.5387102949438424,0.5291953363819916,0.11907198107386224,historical_median:12,ok,519.7138696264125,487.77343508141234,0.32727465328275473,0.0023183194544307284,stable,-0.08691274706122484,12,0.44878810801728264,322.843805385061,652.7030647777636,0.358012713010491,408,2042,high,historical_median,0.7010685098479277,0.712408599449875,0.358012713010491,historical_median:11;extra_trees:1,ok,655.1695555237067,625.287435337116,0.7014624090805879,0.002318290503920073,stable,-0.08131189166419223,12,0.7658798425762348,343.8265931903498,906.7482774838824,0.49004613712306233,383,1917,high,historical_median,0.9210789431607378,1.0006744872754907,0.49004613712306233,historical_median:12,ok,558.2937849981249,503.1687849981249,0.3691667618996596,0.009657824509464508,stable,-0.15,12,1.5699962822099305,3.6750000000000034,1080.1424187102743,1.048879258115598,333,1665,high,extra_trees,1.127932466780132,1.048879258115598,1.5244217357616432,historical_median:7;extra_trees:5
2026-09-27T15:29:36.273967+00:00,WIPRO.NS,Wipro,310,164.02000427246094,2026-09-25,ok,available,0.012679791635892262,0.018691092459176918,-0.09356171849300332,-0.035471471478585315,ok,173.02090349639394,172.80609785383817,0.053567207368085804,0.0009955781997073032,stable,-0.0013096307582027011,12,0.09564678089208917,157.11811244327058,188.4940832644058,0.09105063572316872,470,2353,high,extra_trees,0.10750562475675796,0.09105063572316872,0.10952874654552484,historical_median:8;extra_trees:4,ok,168.0987455733705,161.20779279052425,-0.01714553962128419,0.0006196698735285722,stable,-0.042012880156980015,12,0.2150249962081396,125.9393919937793,196.4761935872692,0.16127961608235178,458,2293,high,extra_trees,0.17963086195823438,0.16127961608235178,0.18979683499241148,historical_median:10;extra_trees:2,ok,161.8967734634541,147.79542135253595,-0.0989183178716031,0.010177883494764561,stable,-0.08597336753810686,12,0.2787599706081623,102.07320978239409,193.51763292267782,0.22693616565644872,446,2231,high,extra_trees,0.2442468939608767,0.22693616565644872,0.22717653107596586,historical_median:10;extra_trees:2,ok,168.42269379653982,161.50356961461918,-0.015342242362471878,-0.002299542498419349,stable,-0.042184636030291614,12,0.21790283648619327,125.7631454431724,197.24399378606594,0.18798604111779504,433,2168,high,extra_trees,0.21637126410660498,0.18798604111779504,0.24311222180009676,historical_median:9;extra_trees:3,ok,183.84098874222323,179.22935511232532,0.09272863335986427,0.01891563615144043,stable,-0.02811628770742669,12,0.29781944628387025,130.381008260423,228.0777019642277,0.19375106464824854,408,2042,high,hist,0.19375106464824854,0.2083365111837783,0.2747516216202949,historical_median:10;extra_trees:1;hist:1,ok,220.4188812357594,215.2920459623238,0.3125962709078619,-0.0014609884518934635,stable,-0.03125737800200998,12,0.41291680235396094,147.56543027605622,283.0186616485914,0.262108208648296,383,1917,high,historical_median,0.5808753203442879,0.4535640974974957,0.262108208648296,historical_median:12,ok,256.7230147996195,234.14388067019243,0.4275324629381523,-0.0014610282983975598,stable,-0.13766085563514474,12,0.4154710160187084,165.99832284772017,302.28943849266466,0.40852220732166106,333,1665,high,historical_median,0.5840519170359805,0.5165546416706162,0.40852220732166106,historical_median:9;hist:3
2026-09-27T15:29:36.273967+00:00,PALASHSECU.NS,Palash Securities,300,88.91999816894531,2026-09-25,ok,available,0.022488624219098828,0.03576248729935731,-0.009578977746097728,0.010891051392015516,ok,92.37699260474683,89.82622434339379,0.010191477655304093,0.05106382710096247,stable,-0.02868610339494898,12,0.1811622974621478,73.7172731847777,105.93517550200991,0.12767144928925966,422,2112,high,historical_median,0.13879223410867328,0.13189368753517444,0.12767144928925966,historical_median:11;extra_trees:1,ok,71.90730521482588,71.01139150853898,-0.2014013386097976,0.002112020347207366,stable,-0.010075502977234724,12,0.1672165013793372,56.142500512070875,85.88028250500707,0.14333606027921877,410,2051,high,extra_trees,0.17779923078416726,0.14333606027921877,0.22622226708785162,historical_median:8;extra_trees:4,ok,69.38983433602064,61.49107580724077,-0.3084674193266448,-0.009769679041371715,stable,-0.08882994479793471,12,0.26210181888027834,38.18498255232918,84.79716906215236,0.2229919995624305,397,1989,high,extra_trees,0.25900152543118204,0.2229919995624305,0.33500255316931926,historical_median:8;extra_trees:4,ok,70.53025451375956,59.55223077199853,-0.3302717948908288,0.015870863589550588,stable,-0.12345955879242276,12,0.40489907953074733,23.548605361516838,95.55585618248023,0.32868812758699434,385,1926,high,extra_trees,0.34828070880833545,0.32868812758699434,0.39636763766653044,historical_median:11;extra_trees:1,ok,68.94591961099492,58.3309664190001,-0.34400621209895865,-0.15211047234838393,watch,-0.11937644411358089,12,0.49292529992888023,14.500049651897246,102.16188318610294,0.5023630956115755,360,1800,high,hist,0.5023630956115755,0.5369638545731407,0.5124250782945813,historical_median:11;hist:1,ok,132.5429357879219,119.2049360625801,0.3405863530956704,0.05106382710096269,stable,-0.15,12,0.6130701789345067,64.69073687428877,173.7191352508714,0.6075791224934358,335,1675,high,historical_median,0.6088023721066741,0.6469657352239889,0.6075791224934358,historical_median:12,ok,193.77239668381802,180.43439695847624,1.0291767957041151,0.05106382710096269,stable,-0.15,12,0.8822719883277109,101.98277337186443,258.88602054508806,1.1762843979245157,284,1423,high,historical_median,1.4273868077552263,1.3341694719096606,1.1762843979245157,historical_median:6;hist:5;extra_trees:1
2026-09-27T15:29:36.273967+00:00,OLAELEC.NS,Ola Electric Mobility,2842,38.47999954223633,2026-09-25,ok,available,0.04103101527502035,0.05115830431606174,-0.012827090966438637,-0.002475679234508088,ok,39.074530644602326,39.18820581348408,0.018404529097522812,-0.031199796776831934,stable,0.002954136440593877,8,0.12419699623251326,34.40910545530984,43.96730617165832,0.4311320248999268,81,405,medium,extra_trees,0.4607977268622676,0.4311320248999268,0.43577310397053615,extra_trees:5;hist:2;historical_median:1,ok,25.42455434851768,25.819639617542283,-0.32901143646838693,-0.07015111185182765,stable,0.010267288818206682,7,0.1655214167009724,19.450375578658555,32.18890365642601,0.37592507460761226,69,345,medium,hist,0.37592507460761226,0.38022984441651697,0.5588720182163204,hist:5;extra_trees:2,ok,32.77245501453439,33.60544487546025,-0.12667761758743462,-0.017073689132307557,stable,0.021647345915676686,5,0.10349967339100272,29.622777490752863,37.58811226016765,0.17067046174749617,56,283,medium,hist,0.17067046174749617,0.17980856850305343,0.23588173933159376,historical_median:2;hist:2;extra_trees:1,ok,27.857263511043485,27.945655065401905,-0.27376155410999276,-0.009732239816803157,stable,0.0022970778432936058,4,0.10939095900080777,23.736291013126028,32.15501911767778,0.21878191800161553,44,220,medium,extra_trees,0.2518781498407971,0.21878191800161553,0.22404476516349048,extra_trees:2;historical_median:1;hist:1,ok,20.135385407044,20.135385407044,-0.47673114224071017,-0.000649363269478842,stable,0.0,1,0.05173157456195691,18.144754441580734,22.126016372507266,0.10346314912391381,20,94,low,hist,0.10346314912391381,0.11390516718074309,0.19091104244837034,extra_trees:1,unavailable: Insufficient history for target_24M: 0 labelled rows < 80,,,,,,,,,,,,,,,,,,,,unavailable: Insufficient history for target_36M: 0 labelled rows < 80,,,,,,,,,,,,,,,,,,,
2026-09-27T15:29:36.273967+00:00,STARCEMENT.NS,Star Cement,86,186.61000061035156,2026-09-25,ok,available,0.018661620532304458,0.02381206057477694,-0.006283575898441529,-0.016952184449330443,ok,188.15496289036162,188.19074493738714,0.008470844659264842,0.001717773812239587,stable,0.00019174774614716394,12,0.20098913770683557,150.68416182724056,225.69732804753377,0.10372280553624318,433,2168,high,historical_median,0.13883570132667633,0.12182264250439007,0.10372280553624318,historical_median:12,ok,178.72432195310742,170.54659575231935,-0.0860800857697504,0.004178335754910778,stable,-0.04382255063523355,12,0.20872835462233572,131.5957973688476,209.4973941357911,0.11770610414604174,421,2108,high,extra_trees,0.1443166595463475,0.11770610414604174,0.1306648926367254,historical_median:10;hist:1;extra_trees:1,ok,197.8594287858905,195.426008618738,0.04724295578774787,0.0017177501709773058,stable,-0.013040138037583276,12,0.20329705913403198,157.48874428965362,233.36327294782237,0.1392443669620737,409,2045,high,historical_median,0.23098610116936952,0.18670938348002772,0.1392443669620737,historical_median:7;extra_trees:4;hist:1,ok,198.2971309102467,193.50543514150664,0.036951045006172994,0.0017177595443842453,stable,-0.02567759366093822,12,0.1675903683575924,162.23139640000727,224.77947388300598,0.12556666992842644,396,1982,high,historical_median,0.2623411541753344,0.2388123164413147,0.12556666992842644,historical_median:7;extra_trees:4;hist:1,ok,200.57287678203704,211.5608626690469,0.13370592131765568,0.001769563267270291,stable,0.05888208483506284,12,0.2945592617419586,156.59315865559532,266.5285666824985,0.14446440510228192,371,1856,high,historical_median,0.27346428398739997,0.16304384727508692,0.14446440510228192,historical_median:7;extra_trees:4;hist:1,ok,326.4471470466734,336.40332067822806,0.8027078912059505,0.0020228035179294945,stable,0.05335284067837001,12,0.2874444484922681,282.76331196964367,390.04332938681233,0.2500310059044321,346,1731,high,extra_trees,0.2824661997346399,0.2500310059044321,0.2983983653472956,extra_trees:6;historical_median:3;hist:3,ok,244.69936491383726,254.27108175067383,0.3625801453245855,0.0037308908603983504,stable,0.051292625290874215,12,0.2645946760766815,204.89506908650853,303.64709441483916,0.7355029274261667,295,1479,high,historical_median,0.7452933224810216,0.7417932055960769,0.7355029274261667,hist:11;extra_trees:1
2026-09-27T15:29:36.273967+00:00,SJVN.NS,SJVN,73,61.7599983215332,2026-09-25,ok,available,0.011014508134046032,0.022575879692887577,-0.04808876485765268,-0.04446578442914573,ok,64.12104487680674,59.864076204849866,-0.030698221635513,0.002922953343166057,stable,-0.06892760342696841,12,0.17983609326964872,48.75739938636527,70.97075302333445,0.1310950460180733,470,2353,high,historical_median,0.1554173828244861,0.14364662749857116,0.1310950460180733,historical_median:11;extra_trees:1,ok,66.1352694079153,60.95943466901035,-0.012962494726035806,0.0029228946776498343,stable,-0.0838056165733467,12,0.25554272189839305,45.17711659348557,76.74175274453512,0.2097093787999763,458,2293,high,historical_median,0.42004814467597135,0.39958986749060477,0.2097093787999763,historical_median:11;hist:1,ok,69.02124144133431,60.69944340825921,-0.017172197896647756,0.002923058105534171,stable,-0.13474414279855368,12,0.3488972697413363,39.15154861464675,82.24733820187164,0.3208456569652,446,2231,high,historical_median,0.691427764573098,0.833966184077243,0.3208456569652,historical_median:10;extra_trees:2,ok,71.49495008435507,62.38700345607131,0.010152285485401369,0.0029231605084907297,stable,-0.1474732330928218,12,0.38315975154565063,38.72305784373285,86.05094906840978,0.3980586234691872,433,2168,high,historical_median,1.3187269769643462,1.308197683379064,0.3980586234691872,historical_median:8;extra_trees:3;hist:1,ok,78.69591080319717,69.43191105496719,0.12422138830854049,0.0029229351742545706,stable,-0.15,12,0.6937194597184227,26.587798387142477,112.27602372279189,0.4805385719480718,408,2042,high,historical_median,1.9949702296373828,1.8150895841441022,0.4805385719480718,historical_median:7;extra_trees:4;hist:1,ok,86.46682911602737,79.7755205577271,0.2917021166743235,0.001690752928862782,stable,-0.1083437296009005,12,0.8660556393426649,26.287925725569757,133.26311538988446,0.8099583633488225,383,1917,high,historical_median,1.7786790445293137,1.6903600871225426,0.8099583633488225,extra_trees:6;historical_median:4;hist:2,ok,99.1716252597643,108.43562500799429,0.7557582246595882,0.002922952033845405,stable,0.15,12,1.154746925521892,37.118456825966604,179.75279319002198,1.0520156347384109,333,1665,high,historical_median,1.4231684014184236,1.2073640575196687,1.0520156347384109,extra_trees:9;hist:3
2026-09-27T15:29:36.273967+00:00,RPOWER.NS,Reliance Power,2250,20.56999969482422,2026-09-25,ok,available,0.010214652112598714,0.02784915157094051,-0.0837416928385476,-0.04174044025686663,ok,20.787291261568157,19.99716050149776,-0.027848283997330053,0.00685263766799693,stable,-0.038411802226190866,12,0.32273473990499735,13.358507000142792,26.635814002852726,0.2382523659647165,467,2337,high,historical_median,0.2836391369973366,0.25993707779322844,0.2382523659647165,historical_median:10;extra_trees:2,ok,23.645402737510626,22.92766361408132,0.11461662392976758,-0.004981081208715987,stable,-0.03489251988710042,12,0.25589297427865204,17.663945211261783,28.191382016900857,0.3026284331205306,455,2277,high,extra_trees,0.3332169052831194,0.3026284331205306,0.3074218961522943,extra_trees:10;historical_median:2,ok,21.398821241342514,20.908802869166294,0.016470742798665484,-0.03028438691660018,stable,-0.023821992194755073,12,0.4741064816854577,11.156432685582248,30.66117305275035,0.39321926051412087,443,2215,high,extra_trees,0.47065341437110014,0.39321926051412087,0.3968576061430871,extra_trees:7;historical_median:5,ok,22.016794948584543,21.006278259148434,0.021209458959495733,0.007413456179548694,stable,-0.04912575130909562,12,0.5935493017650588,8.796969302978045,33.21558721531882,0.496893404574282,430,2152,high,historical_median,0.5791611090656926,0.5194987351320173,0.496893404574282,extra_trees:8;historical_median:4,ok,19.074968201826568,18.342010071339715,-0.10831257445497698,-0.07303295239643781,stable,-0.035632384120612245,12,0.978520719426205,0.20569999694824237,38.470180971315926,0.643674344738271,405,2026,high,extra_trees,0.7069212960803145,0.643674344738271,0.6781447454820485,hist:6;historical_median:4;extra_trees:2,ok,14.96816370140059,15.455576561321761,-0.24863506122410584,0.23074729114815762,large_change,0.023695326550919327,12,1.0421210980632216,0.20569999694824237,36.89200723045211,1.1222314327996021,380,1903,high,hist,1.1222314327996021,1.277954678392942,1.1408891365343787,historical_median:9;extra_trees:3,ok,49.60269223049835,46.69484521094688,1.2700459846237209,0.007484994130257494,stable,-0.14136349356792305,12,1.0020817899837333,26.08202309679258,67.30766732510118,0.8040450371684043,330,1651,high,historical_median,1.6735461700107008,1.4172978763650448,0.8040450371684043,extra_trees:7;historical_median:4;hist:1
2026-09-27T15:29:36.273967+00:00,IRCTC.NS,IRCTC,61,458.70001220703125,2026-09-25,ok,available,0.01269238352687584,0.01760674606426101,-0.05448819686184858,-0.019627436781794128,ok,439.11224852657926,427.44274034497005,-0.06814316771361548,0.012603756257554721,stable,-0.025440392132237866,12,0.14963072629536353,358.8071243667398,496.07835632320024,0.11224673611768042,319,1599,high,hist,0.11224673611768042,0.11712879343919638,0.11608519287288334,historical_median:6;extra_trees:3;hist:3,ok,484.0211555684679,445.48436070220407,-0.028811099091190784,3.926525363895372e-05,stable,-0.08401306701703443,12,0.21571882631272174,346.5341324392721,544.434588965136,0.19238887519656153,307,1539,high,historical_median,0.2506038246530553,0.2486519304591866,0.19238887519656153,historical_median:10;hist:2,ok,509.19377632633274,451.97528544503547,-0.014660402404699818,-0.0005063488688701323,stable,-0.12474054798034775,12,0.3245893400681079,303.08615119352214,600.8644196965487,0.3016472956739032,295,1477,high,historical_median,0.4920972044811814,0.49199887085751903,0.3016472956739032,historical_median:10;extra_trees:1;hist:1,ok,592.2667033964254,523.4617015653707,0.14118527934355,-0.0006535981474172781,stable,-0.15,12,0.4864709400954959,300.3174754052008,746.6059277255407,0.5294631386961063,282,1414,high,historical_median,0.6661316302027491,0.7247471360041281,0.5294631386961063,historical_median:12,ok,657.4998997116743,588.6948978806197,0.28339847877509106,-0.000653568176402386,stable,-0.15,12,0.6840732292217254,274.91049928611085,902.4792964751283,0.7661964656920477,257,1288,high,historical_median,0.7982285986426993,0.9113130813505755,0.7661964656920477,historical_median:12,ok,633.6110889629047,564.8060871318501,0.23131910202986541,-0.0006536472051521525,stable,-0.15,12,0.4660214323267801,351.0420504348178,778.5701238288823,0.7197994293810974,232,1163,high,historical_median,0.8695225196465144,0.9206817405201003,0.7197994293810974,historical_median:8;hist:4,ok,428.266087899525,359.46108606847037,-0.21634820906385777,0.004264661023084537,stable,-0.15,12,1.1493534382041688,4.587000122070316,886.6695222029159,0.8117523645937013,182,911,high,extra_trees,1.1804343266313395,0.8117523645937013,1.1841599790689663,hist:5;historical_median:4;extra_trees:3
2026-09-27T15:29:36.273967+00:00,SEPC.NS,SEPC,979,5.119999885559082,2026-09-25,ok,available,0.013849827629365987,0.02943637979686683,-0.07913670175336285,-0.027725042997405636,ok,5.073272471835516,4.8660419008681215,-0.04960116999362585,-0.0018509771264810793,stable,-0.040474721796749824,12,0.20514270942907809,3.8157112520679615,5.916372549668281,0.19730518783450918,468,2343,high,historical_median,0.22814115816038738,0.23426151881191892,0.19730518783450918,historical_median:5;extra_trees:4;hist:3,ok,5.373465444836651,5.142334536133201,0.004362236537761063,-0.003087052219648556,stable,-0.04514275661516194,12,0.22330123309723512,3.9990322482301544,6.285636824036246,0.34115599602844277,456,2283,high,historical_median,0.4178155474002471,0.4306719993507972,0.34115599602844277,hist:7;extra_trees:3;historical_median:2,ok,2.9955292231172383,2.227529240283376,-0.5649356855327079,0.08873955628034413,stable,-0.15,12,0.4803263139453726,0.051199998855590866,4.6867999127147,0.42065281874513477,444,2221,high,hist,0.42065281874513477,0.43365109164792504,0.48687493927743797,historical_median:10;extra_trees:1;hist:1,ok,2.823240609541957,2.0552406267080947,-0.5985858061237689,-0.0422366195782784,stable,-0.15,12,0.5367663972980679,0.051199998855590866,4.803484519446163,0.5298097061678148,431,2158,high,extra_trees,0.5615828145581666,0.5298097061678148,0.6018197652990147,historical_median:9;extra_trees:3,ok,6.456182521242431,5.688182538408569,0.11097317686510924,-0.001949362311647107,stable,-0.15,12,0.5150878701578538,3.050932702147486,8.325432374669653,0.7233781100862533,406,2032,high,historical_median,0.9627698833695518,0.9040865724529221,0.7233781100862533,historical_median:6;extra_trees:5;hist:1,ok,6.794694643744383,6.026694660910521,0.17708882726907152,-0.001949362311646885,stable,-0.15,12,0.5943803460431386,2.983467357191083,9.069921964629957,0.6858598536960142,381,1907,high,historical_median,1.2203079809358495,1.199630502105207,0.6858598536960142,extra_trees:6;historical_median:4;hist:2,ok,5.340689274557474,4.572689291723611,-0.10689660274781562,-0.001949362311647218,stable,-0.15,12,0.8825710175889627,0.05392578267035952,9.091452800776864,0.4102112844049853,331,1656,high,historical_median,1.1454604623175941,1.3624382648957505,0.4102112844049853,extra_trees:7;historical_median:5
