symbol,name,quantity,purchase_price,current_price,price_source,market_data_date,next_dividend_per_share,next_dividend_yield,next_dividend_ex_date,next_dividend_record_date,next_dividend_cum_date,next_dividend_status,avg_ex_day_return,avg_recovery_days,avg_5d_total_return,historical_dividend_events,invested_value,current_value,current_profit_loss,current_return,trend_20d_return,trend_20d_health,first_forecast_horizon_at_or_above_purchase_price,3M_profit_loss_at_forecast,3M_return_vs_purchase,3M_break_even_additional_qty_at_current,3M_break_even_additional_capital_at_current,6M_profit_loss_at_forecast,6M_return_vs_purchase,6M_break_even_additional_qty_at_current,6M_break_even_additional_capital_at_current,9M_profit_loss_at_forecast,9M_return_vs_purchase,9M_break_even_additional_qty_at_current,9M_break_even_additional_capital_at_current,12M_profit_loss_at_forecast,12M_return_vs_purchase,12M_break_even_additional_qty_at_current,12M_break_even_additional_capital_at_current,18M_profit_loss_at_forecast,18M_return_vs_purchase,18M_break_even_additional_qty_at_current,18M_break_even_additional_capital_at_current,24M_profit_loss_at_forecast,24M_return_vs_purchase,24M_break_even_additional_qty_at_current,24M_break_even_additional_capital_at_current,36M_profit_loss_at_forecast,36M_return_vs_purchase,36M_break_even_additional_qty_at_current,36M_break_even_additional_capital_at_current,3M_raw_predicted_price,3M_predicted_price,3M_model,3M_status,3M_calibration_adjustment,3M_error_band,3M_confidence,3M_validation_mae,6M_raw_predicted_price,6M_predicted_price,6M_model,6M_status,6M_calibration_adjustment,6M_error_band,6M_confidence,6M_validation_mae,9M_raw_predicted_price,9M_predicted_price,9M_model,9M_status,9M_calibration_adjustment,9M_error_band,9M_confidence,9M_validation_mae,12M_raw_predicted_price,12M_predicted_price,12M_model,12M_status,12M_calibration_adjustment,12M_error_band,12M_confidence,12M_validation_mae,18M_raw_predicted_price,18M_predicted_price,18M_model,18M_status,18M_calibration_adjustment,18M_error_band,18M_confidence,18M_validation_mae,24M_raw_predicted_price,24M_predicted_price,24M_model,24M_status,24M_calibration_adjustment,24M_error_band,24M_confidence,24M_validation_mae,36M_raw_predicted_price,36M_predicted_price,36M_model,36M_status,36M_calibration_adjustment,36M_error_band,36M_confidence,36M_validation_mae
VISL.NS,Vedanta Iron & Steel,1000.0,31.84,32.779998779296875,latest available market close,2026-09-25,,,,,,NONE,,,,0,31840.0,32779.998779296875,939.9987792968751,0.029522574726660755,-0.1505571741466135,ok,Unavailable: insufficient history,,,,,,,,,,,,,,,,,,,,,,,,,,,,,,,,unavailable: Insufficient history for target_3M: 0 labelled rows < 80,,,,,,,,unavailable: Insufficient history for target_6M: 0 labelled rows < 80,,,,,,,,unavailable: Insufficient history for target_9M: 0 labelled rows < 80,,,,,,,,unavailable: Insufficient history for target_12M: 0 labelled rows < 80,,,,,,,,unavailable: Insufficient history for target_18M: 0 labelled rows < 80,,,,,,,,unavailable: Insufficient history for target_24M: 0 labelled rows < 80,,,,,,,,unavailable: Insufficient history for target_36M: 0 labelled rows < 80,,,,
YESBANK.NS,Yes Bank,902.0,23.57,22.5,latest available market close,2026-09-25,,,,,,NONE,-0.0083771452958226,9.666666666666666,-0.008915940265542934,3,21260.14,20295.0,-965.1400000000002,-0.04539669070852781,0.0180995299378212,ok,12M,-960.9490286150361,-0.045199562590605535,206820.0,4653450.0,-1327.8623008698783,-0.062457834279072366,,,-1673.1469426520603,-0.07869877351005494,,,2012.8668214819818,0.09467796644245907,0.0,0.0,-6056.190853152206,-0.2848612875151436,,,4468.927322178164,0.21020215869595238,0.0,0.0,-5958.595892872657,-0.28027077398703193,,,22.29607301676646,22.504646309739428,historical_median,ok,0.0092699241321318,0.1782050481292185,high,0.1178946419482207,21.738722138100503,22.097868846042264,historical_median,ok,0.0159620759085228,0.1498158197999997,high,0.1397549493504749,21.40728437086504,21.715069908368005,historical_median,ok,0.0136793572223539,0.1994524319215547,high,0.1494645289122926,25.042552557592863,25.80155966904876,extra_trees,ok,0.0337336493980396,0.2161460207715822,high,0.1540804622847085,16.446419309685425,16.855819453268065,historical_median,ok,0.0181955619370062,0.217897420962791,high,0.2750065846440138,28.836914338646743,28.524464880463597,hist,ok,-0.0138866425859178,0.130571182754313,high,0.3439715646311039,16.371607852741068,16.964017857125658,hist,ok,0.0263293335282041,0.1643923109864453,high,0.2548746963897706
RELIANCE.NS,Reliance Industries,13.0,1326.42,1226.0,latest available market close,2026-09-25,,,,,,NONE,-7.678824769426981e-05,17.2,0.010162004670470601,10,17243.46,15938.0,-1305.460000000001,-0.07570754361363674,-0.0473970473970474,ok,9M,-1074.6481568920822,-0.06232207207208307,61.0,74786.0,-669.485661158918,-0.0388254828879423,14.0,17164.0,1276.475407090437,0.07402664007632098,0.0,0.0,3217.530633517619,0.18659425854890022,0.0,0.0,-716.5740152034673,-0.041556277870187674,16.0,19616.0,662.2727035712371,0.038407181828428616,0.0,0.0,2298.2925602386495,0.13328488367407987,0.0,0.0,1286.6466690273369,1243.7547571621476,historical_median,ok,-0.0349852462195671,0.1409517170344565,high,0.1015363355388575,1356.1957476246548,1274.9211029877756,historical_median,ok,-0.0662925323302438,0.2196696335639411,high,0.139775521000348,1484.2445563622766,1424.6104159300337,hist,ok,-0.0486412238435912,0.2565758202418878,high,0.2016418006199853,1650.355859997016,1573.9223564244323,hist,ok,-0.0623438038928087,0.2603317906110191,high,0.2271479555128153,1445.3259189444282,1271.2989219074257,hist,ok,-0.1419469796386643,0.337310278955174,high,0.3152668761074673,1462.8664908062874,1377.3640541208645,extra_trees,ok,-0.0697409760892521,0.337784688480956,high,0.3744677024929608,1632.5174990205635,1503.211735402973,extra_trees,ok,-0.1054696277468108,0.4346906599655983,high,0.6836579732536444
NTPC.NS,NTPC,26.0,367.18,326.6000061035156,latest available market close,2026-09-25,,,,,,NONE,-0.009636661635562972,7.043478260869565,0.01664974257808408,23,9546.68,8491.600158691406,-1055.079841308594,-0.11051798544714952,0.0002366466386223,ok,12M,-765.2227240545029,-0.08015589964830738,69.0,22535.400421142578,-204.64814975584807,-0.021436577926132183,7.0,2286.2000427246094,-155.88694737920525,-0.01632891721302121,5.0,1633.0000305175781,430.7920267125518,0.04512480010983411,0.0,0.0,1469.7367747516553,0.15395265943256242,0.0,0.0,1603.4750788002834,0.16796154043083922,0.0,0.0,3384.784762474486,0.35455098133324725,0.0,0.0,343.9253726743254,337.7483567671345,historical_median,ok,-0.0189130918302342,0.1507522834591227,high,0.104328957367127,360.297398779609,359.3089173170828,historical_median,ok,-0.0030265812738929,0.1761819379402512,high,0.1339041690718894,370.0219342700353,361.1843481777229,historical_median,ok,-0.0270593567885953,0.188509640145772,high,0.1451264739256986,394.4487101165339,383.7489241043289,historical_median,ok,-0.0327611323093903,0.1903335520407063,high,0.200449765087232,438.5179146039184,423.7083374904483,historical_median,ok,-0.0453446933150891,0.2237851822606825,high,0.2870998521493752,440.0778873499055,428.8521184153955,historical_median,ok,-0.0343716127517522,0.39352533448812,high,0.3518131323865753,513.2692877239266,497.3640293259418,historical_median,ok,-0.0486995042888752,0.5149880695952063,high,0.6740360113170091
IREDA.NS,Indian Renewable Energy,350.0,124.5,113.22000122070312,latest available market close,2026-09-25,,,,,,NONE,-0.0019174211398644498,3.0,0.054134993881649954,2,43575.0,39627.000427246094,-3947.9995727539062,-0.09060239983370988,-0.0260268561131139,ok,Not reached in available forecast,-7080.911188446537,-0.16249939617777476,,,-8460.383277424822,-0.19415681646413818,,,-11500.071395725094,-0.2639144324893883,,,-14588.133504856078,-0.3347821802606099,,,-20322.205896597403,-0.46637305557309017,,,-17285.45606015037,-0.3966828699977135,,,,,,,104.08119232579502,104.26882517586704,historical_median,ok,0.0016572411945683,0.0687836130537092,high,0.080880662832362,100.1450534208318,100.3274763502148,hist,ok,0.0016112252907277,0.0508489496176079,high,0.0657091614221486,92.51050188885309,91.64265315507116,extra_trees,ok,-0.0076651538988254,0.0220162758920004,medium,0.026964067160705,83.35130708277943,82.81961855755407,historical_median,ok,-0.0046960653549978,0.0273476998341023,medium,0.0442969712678545,66.65146541426257,66.43655458115028,hist,ok,-0.0018981702066348,0.0390057850001747,medium,0.0303824450128627,75.11298268528466,75.11298268528466,hist,ok,0.0,0.0594157190910785,low,0.1137398426863796,,,,unavailable: Insufficient history for target_36M: 0 labelled rows < 80,,,,
IRFC.NS,IRFC,200.0,90.71,79.94999694824219,latest available market close,2026-09-25,,,,,,NONE,-0.01101309319483571,38.72727272727273,-0.001723605188731281,11,18142.0,15989.999389648438,-2152.000610351561,-0.11861981095532803,-0.0470799106769782,ok,18M,-3847.326748313762,-0.21206739876054248,,,-5428.945911677814,-0.29924737689768577,,,-7285.239863691402,-0.4015676256030979,,,-652.6302738850859,-0.035973446912417884,88.0,7035.5997314453125,16057.728916999313,0.8851134889758192,0.0,0.0,102360.97083476964,5.642209835451971,0.0,0.0,92293.18128779174,5.0872660835515235,0.0,0.0,76.14078258195535,71.47336625843118,hist,ok,-0.0583791932668332,0.1738189416814379,high,0.0970597132164575,71.6009319232392,63.56527044161092,hist,ok,-0.1005085902233414,0.2715110275143154,high,0.1816229453332397,66.27630022377932,54.283800681542985,hist,ok,-0.15,0.600957344432393,high,0.2619507360640869,99.43934817281092,87.44684863057456,hist,ok,-0.15,0.7706145706221355,high,0.4483117378283108,182.9911441272329,170.99864458499655,historical_median,ok,-0.15,2.022965589136084,high,1.632455581140908,609.2605753708906,602.5148541738482,hist,ok,-0.0843742520892079,0.4368585618253822,high,1.597496005613773,560.7799772130373,552.1759064389587,hist,ok,-0.1076181501251168,3.3938887062883905,high,1.878453650385679
TATAPOWER.NS,Tata Power,70.0,437.75,367.5,latest available market close,2026-09-25,,,,,,NONE,-0.0119382452105103,9.666666666666666,-0.0020037621731402986,10,30642.5,25725.0,-4917.5,-0.16047972587093084,0.0444791633508743,ok,18M,-4462.189879223648,-0.1456209473516733,687.0,252472.5,-3997.0769015620353,-0.1304422583523549,304.0,111720.0,-4232.021779542557,-0.13810954652990315,433.0,159127.5,-3815.4918962445686,-0.12451633829630637,243.0,89302.5,3501.640455698864,0.11427398076850337,0.0,0.0,13127.62047359812,0.4284121880916414,0.0,0.0,4579.314949868744,0.14944325527841218,0.0,0.0,379.6053892868902,374.004430296805,historical_median,ok,-0.0152407047349255,0.1215948566577941,high,0.0896405680874964,384.4151856894999,380.64890140625664,historical_median,ok,-0.0102483926074645,0.1078325915554324,high,0.0908153399337976,388.4018398685096,377.2925460065349,historical_median,ok,-0.0302293710529923,0.1433042898722319,high,0.1098876823975092,394.1354499693898,383.2429729107919,historical_median,ok,-0.0296393933567292,0.1883197047358531,high,0.1190719810738622,519.7138696264125,487.77343508141234,historical_median,ok,-0.0869127470612248,0.4487881080172826,high,0.358012713010491,655.1695555237067,625.287435337116,historical_median,ok,-0.0813118916641922,0.7658798425762348,high,0.4900461371230623,558.2937849981249,503.1687849981249,extra_trees,ok,-0.15,1.5699962822099305,high,1.048879258115598
WIPRO.NS,Wipro,310.0,220.21,164.02000427246094,latest available market close,2026-09-25,,,,,,NONE,-0.0054918711457818,133.46153846153845,-0.0076241554887108536,13,68265.1,50846.20132446289,-17418.89867553711,-0.2551655044164165,-0.0935617184930033,ok,36M,-14695.20966531017,-0.2152668005365871,1673.0,274405.46714782715,-18290.684234937486,-0.267936093771744,,,-22448.519380713857,-0.32884327981228856,,,-18198.993419468057,-0.26659293576758925,,,-12703.999915179153,-0.18609801956166694,836.0,137120.72357177734,-1524.565751679621,-0.022333018653449832,30.0,4920.600128173828,4319.503007759651,0.0632754219617293,0.0,0.0,173.02090349639394,172.80609785383817,extra_trees,ok,-0.0013096307582027,0.0956467808920891,high,0.0910506357231687,168.0987455733705,161.20779279052425,extra_trees,ok,-0.04201288015698,0.2150249962081396,high,0.1612796160823517,161.8967734634541,147.79542135253595,extra_trees,ok,-0.0859733675381068,0.2787599706081623,high,0.2269361656564487,168.42269379653982,161.50356961461918,extra_trees,ok,-0.0421846360302916,0.2179028364861932,high,0.187986041117795,183.84098874222323,179.22935511232532,hist,ok,-0.0281162877074266,0.2978194462838702,high,0.1937510646482485,220.4188812357594,215.2920459623238,historical_median,ok,-0.0312573780020099,0.4129168023539609,high,0.262108208648296,256.7230147996195,234.14388067019243,historical_median,ok,-0.1376608556351447,0.4154710160187084,high,0.408522207321661
PALASHSECU.NS,Palash Securities,300.0,116.75,88.91999816894531,latest available market close,2026-09-25,,,,,,NONE,,,,0,35025.0,26675.999450683594,-8349.000549316406,-0.23837260668997595,-0.0095789777460977,ok,24M,-8077.132696981863,-0.23061049812938939,8913.0,792543.9436798096,-13721.582547438307,-0.3917653832245055,,,-16577.67725782777,-0.47330984319279856,,,-17159.33076840044,-0.48991665291650077,,,-17525.710074299972,-0.500377161293361,,,736.4808187740309,0.021027289615247025,0.0,0.0,19105.319087542874,0.5454766334773125,0.0,0.0,92.37699260474685,89.82622434339379,historical_median,ok,-0.0286861033949489,0.1811622974621478,high,0.1276714492892596,71.90730521482588,71.01139150853898,extra_trees,ok,-0.0100755029772347,0.1672165013793372,high,0.1433360602792187,69.38983433602064,61.49107580724077,extra_trees,ok,-0.0888299447979347,0.2621018188802783,high,0.2229919995624305,70.53025451375956,59.55223077199853,extra_trees,ok,-0.1234595587924227,0.4048990795307473,high,0.3286881275869943,68.94591961099492,58.3309664190001,hist,ok,-0.1193764441135808,0.4929252999288802,high,0.5023630956115755,132.5429357879219,119.2049360625801,historical_median,ok,-0.15,0.6130701789345067,high,0.6075791224934358,193.772396683818,180.43439695847624,historical_median,ok,-0.15,0.8822719883277109,high,1.1762843979245157
OLAELEC.NS,Ola Electric Mobility,2842.0,50.68,38.47999954223633,latest available market close,2026-09-25,,,,,,NONE,,,,0,144032.56,109360.15869903564,-34672.40130096435,-0.24072613373645757,-0.0128270909664386,ok,Not reached in available forecast,-32659.67907807824,-0.22675205577182156,46117.0,1774582.1388893127,-70653.14420694484,-0.4905359191487316,,,-48525.88566394197,-0.33690913821112367,,,-64611.00830412778,-0.4485861273598677,,,-86807.79467318095,-0.6026956312737963,,,,,,,,,,,39.074530644602326,39.18820581348408,extra_trees,ok,0.0029541364405938,0.1241969962325132,medium,0.4311320248999268,25.42455434851768,25.819639617542283,hist,ok,0.0102672888182066,0.1655214167009724,medium,0.3759250746076122,32.77245501453439,33.60544487546025,hist,ok,0.0216473459156766,0.1034996733910027,medium,0.1706704617474961,27.857263511043485,27.945655065401905,extra_trees,ok,0.0022970778432936,0.1093909590008077,medium,0.2187819180016155,20.135385407044,20.135385407044,hist,ok,0.0,0.0517315745619569,low,0.1034631491239138,,,,unavailable: Insufficient history for target_24M: 0 labelled rows < 80,,,,,,,,unavailable: Insufficient history for target_36M: 0 labelled rows < 80,,,,
STARCEMENT.NS,Star Cement,86.0,270.6,186.6100006103516,latest available market close,2026-09-25,,,,,,NONE,-0.0003013906543640746,3.75,-0.0123802229993943,4,23271.600000000002,16048.460052490236,-7223.139947509765,-0.3103843288604894,-0.0062835758984415,ok,24M,-7087.195935384706,-0.304542701635672,4484.0,836759.2427368165,-8604.592765300538,-0.36974650498034245,,,-6464.963258788534,-0.2778048461983076,734.0,136971.74044799808,-6630.132577830431,-0.2849023091592512,962.0,179518.82058715823,-5077.365810461967,-0.21817863019568773,204.0,38068.440124511726,5659.085578327611,0.24317561226248352,0.0,0.0,-1404.2869694420526,-0.06034337860061412,21.0,3918.8100128173833,188.1549628903616,188.19074493738717,historical_median,ok,0.0001917477461471,0.2009891377068355,high,0.1037228055362431,178.72432195310742,170.54659575231935,extra_trees,ok,-0.0438225506352335,0.2087283546223357,high,0.1177061041460417,197.8594287858905,195.426008618738,historical_median,ok,-0.0130401380375832,0.2032970591340319,high,0.1392443669620737,198.2971309102467,193.50543514150664,historical_median,ok,-0.0256775936609382,0.1675903683575924,high,0.1255666699284264,200.57287678203704,211.5608626690469,historical_median,ok,0.0588820848350628,0.2945592617419586,high,0.1444644051022819,326.4471470466734,336.40332067822806,extra_trees,ok,0.05335284067837,0.2874444484922681,high,0.2500310059044321,244.6993649138373,254.27108175067383,historical_median,ok,0.0512926252908742,0.2645946760766815,high,0.7355029274261667
SJVN.NS,SJVN,73.0,106.72,61.7599983215332,latest available market close,2026-09-25,,,,,,NONE,-0.03283193156300979,95.5,-0.025316779947326375,20,7790.5599999999995,4508.479877471924,-3282.080122528076,-0.4212893710501011,-0.0480887648576526,ok,36M,-3420.4824370459596,-0.43905475820043227,,,-3340.5212691622446,-0.42879090452576507,,,-3359.500631197078,-0.4312271044953223,,,-3236.3087477067943,-0.4154141355315657,5162.0,318805.1113357544,-2722.030492987395,-0.3494011332930361,355.0,21924.799404144287,-1966.9469992859213,-0.2524782556434866,110.0,6793.599815368652,125.24062558358219,0.01607594647670796,0.0,0.0,64.12104487680674,59.864076204849866,historical_median,ok,-0.0689276034269684,0.1798360932696487,high,0.1310950460180733,66.1352694079153,60.95943466901035,historical_median,ok,-0.0838056165733467,0.255542721898393,high,0.2097093787999763,69.02124144133431,60.69944340825921,historical_median,ok,-0.1347441427985536,0.3488972697413363,high,0.3208456569652,71.49495008435507,62.38700345607131,historical_median,ok,-0.1474732330928218,0.3831597515456506,high,0.3980586234691872,78.69591080319717,69.43191105496719,historical_median,ok,-0.15,0.6937194597184227,high,0.4805385719480718,86.46682911602737,79.7755205577271,historical_median,ok,-0.1083437296009005,0.8660556393426649,high,0.8099583633488225,99.1716252597643,108.43562500799428,historical_median,ok,0.15,1.154746925521892,high,1.0520156347384109
RPOWER.NS,Reliance Power,2250.0,40.01,20.56999969482422,latest available market close,2026-09-25,,,,,,NONE,,,,0,90022.5,46282.49931335449,-43740.0006866455,-0.4858785379948958,-0.0837416928385476,ok,36M,-45028.888871630035,-0.5001959384779364,,,-38435.256868317025,-0.42695167173003445,16303.0,335352.70502471924,-42977.69354437584,-0.477410575626936,126852.0,2609345.601287842,-42758.37391691602,-0.4749742999463026,98008.0,2016024.530090332,-48752.97733948564,-0.5415643571272253,,,-55247.45273702604,-0.6137071591771617,,,15040.901724630485,0.16707936043356364,0.0,0.0,20.78729126156816,19.99716050149776,historical_median,ok,-0.0384118022261908,0.3227347399049973,high,0.2382523659647165,23.645402737510626,22.92766361408132,extra_trees,ok,-0.0348925198871004,0.255892974278652,high,0.3026284331205306,21.398821241342517,20.90880286916629,extra_trees,ok,-0.023821992194755,0.4741064816854577,high,0.3932192605141208,22.016794948584543,21.006278259148434,historical_median,ok,-0.0491257513090956,0.5935493017650588,high,0.496893404574282,19.074968201826568,18.342010071339715,extra_trees,ok,-0.0356323841206122,0.978520719426205,high,0.643674344738271,14.96816370140059,15.45557656132176,hist,ok,0.0236953265509193,1.0421210980632216,high,1.122231432799602,49.60269223049835,46.69484521094688,historical_median,ok,-0.141363493567923,1.002081789983733,high,0.8040450371684043
IRCTC.NS,IRCTC,61.0,913.6,458.7000122070313,latest available market close,2026-09-25,,,,,,NONE,0.001573819752955234,11.0,-0.020155163271758165,15,55729.6,27980.70074462891,-27748.899255371092,-0.4979203018749657,-0.0544881968618485,ok,Not reached in available forecast,-29655.592838956825,-0.5321336029499013,,,-28555.053997165553,-0.5123857698093213,,,-28159.10758785284,-0.5052809922887089,,,-23798.436204512385,-0.42703403944245766,368.0,168801.60449218753,-19819.2112292822,-0.35563167920247407,153.0,70181.1018676758,-21276.428684957147,-0.3817796769572569,201.0,92198.7024536133,-33802.47374982331,-0.6065443453716393,,,439.11224852657926,427.4427403449701,hist,ok,-0.0254403921322378,0.1496307262953635,high,0.1122467361176804,484.0211555684679,445.48436070220407,historical_median,ok,-0.0840130670170344,0.2157188263127217,high,0.1923888751965615,509.1937763263328,451.97528544503547,historical_median,ok,-0.1247405479803477,0.3245893400681079,high,0.3016472956739032,592.2667033964254,523.4617015653707,historical_median,ok,-0.15,0.4864709400954959,high,0.5294631386961063,657.4998997116743,588.6948978806197,historical_median,ok,-0.15,0.6840732292217254,high,0.7661964656920477,633.6110889629047,564.8060871318501,historical_median,ok,-0.15,0.4660214323267801,high,0.7197994293810974,428.266087899525,359.4610860684704,extra_trees,ok,-0.15,1.1493534382041688,high,0.8117523645937013
SEPC.NS,SEPC,979.0,12.08,5.119999885559082,latest available market close,2026-09-25,,,,,,NONE,,,,0,11826.32,5012.479887962341,-6813.840112037658,-0.576158949870937,-0.0791367017533628,ok,Not reached in available forecast,-7062.464979050109,-0.5971819618486655,,,-6791.974489125596,-0.5743100549558608,304101.0,1556997.0851984024,-9645.568873762575,-0.815601884082502,,,-9814.239426452776,-0.8298641865307869,,,-6257.589294898012,-0.5291239620522707,11014.0,56391.67873954773,-5926.1859269686,-0.5011014353550893,6537.0,33469.43925189972,-7349.657183402584,-0.6214661182348005,,,5.073272471835516,4.8660419008681215,historical_median,ok,-0.0404747217967498,0.205142709429078,high,0.1973051878345091,5.373465444836651,5.142334536133201,historical_median,ok,-0.0451427566151619,0.2233012330972351,high,0.3411559960284427,2.9955292231172383,2.227529240283376,hist,ok,-0.15,0.4803263139453726,high,0.4206528187451347,2.823240609541957,2.0552406267080947,extra_trees,ok,-0.15,0.5367663972980679,high,0.5298097061678148,6.456182521242431,5.688182538408569,historical_median,ok,-0.15,0.5150878701578538,high,0.7233781100862533,6.794694643744383,6.026694660910521,historical_median,ok,-0.15,0.5943803460431386,high,0.6858598536960142,5.340689274557474,4.572689291723611,historical_median,ok,-0.15,0.8825710175889627,high,0.4102112844049853
