symbol,name,plan_date,exit_date,horizon,partial_profit_percent,entries_reached,close,ma20_gap_pct,ma50_gap_pct,ma20_slope_5d_pct,below_prior10_low,below_prior20_low,recovered_5pct_20d,recovered_5pct_60d,recovered_5pct_120d,outcome_60d,outcome_120d
RELIANCE.NS,Reliance Industries,2024-08-29,2024-09-10,12M,0.0624809577270744,2,1449.0113525390625,-0.020212361975864845,-0.0328461938176553,0.00390709286189872,False,False,False,False,False,not_recovered_5pct,not_recovered_5pct
RELIANCE.NS,Reliance Industries,2024-11-29,2024-12-13,12M,-0.0375914425894665,2,1261.9517822265625,-0.008152757716751946,-0.033681675928308286,0.00021628729870304397,False,False,False,False,True,not_recovered_5pct,recovered_5pct
RELIANCE.NS,Reliance Industries,2025-06-05,2025-08-05,12M,0.0202701598982604,2,1379.7841796875,-0.033575255186134245,-0.04209764019427309,-0.021931087556406048,False,False,False,True,True,recovered_5pct,recovered_5pct
RELIANCE.NS,Reliance Industries,2025-12-05,2026-01-19,18M,0.0272750126645544,2,1407.0941162109375,-0.0684095841374206,-0.0759745914626444,-0.016543200173886885,True,True,True,True,True,recovered_5pct,recovered_5pct
NTPC.NS,NTPC,2024-08-29,2024-11-06,36M,0.0500839810190703,2,391.0780334472656,-0.0077488858091179225,-0.010387529038681675,-0.009044254646211503,False,False,False,False,False,not_recovered_5pct,not_recovered_5pct
IRFC.NS,IRFC,2025-06-19,2025-07-22,9M,0.3310359853955384,1,128.30984497070312,-0.04803846937511047,-0.05607533264460429,-0.0032036622568543116,True,True,True,True,True,recovered_5pct,recovered_5pct
IRFC.NS,IRFC,2025-09-18,2025-09-29,18M,0.22320019723321,2,121.9223175048828,-0.01228480127515541,-0.019884655343168633,0.008149791666014261,False,False,False,True,True,recovered_5pct,recovered_5pct
TATAPOWER.NS,Tata Power,2024-08-29,2024-09-06,24M,-0.0453016549137651,2,412.0071105957031,-0.012234558709766974,-0.030637942088194814,-0.00637250055958416,False,False,True,True,True,recovered_5pct,recovered_5pct
TATAPOWER.NS,Tata Power,2025-06-05,2025-08-11,18M,-0.1112426634761443,2,381.9333190917969,-0.03123346218260603,-0.03471706377700334,-0.01011248782767582,False,False,False,True,True,recovered_5pct,recovered_5pct
TATAPOWER.NS,Tata Power,2026-03-10,2026-06-08,24M,-0.0303909726048823,2,401.7107849121094,-0.022153903187222324,-0.03282921717083942,-0.017061705720631593,True,False,False,False,False,not_recovered_5pct,not_recovered_5pct
WIPRO.NS,Wipro,2025-02-27,2025-03-12,24M,0.0773592265768163,2,253.84214782714844,-0.08706141056648575,-0.09960623144142,-0.030838151515975687,True,True,False,False,False,not_recovered_5pct,not_recovered_5pct
WIPRO.NS,Wipro,2025-06-05,2025-08-07,24M,0.0479044785327937,1,233.5540008544922,-0.03552612165863811,-0.046086601317505305,-0.019025439689705936,False,False,True,True,True,recovered_5pct,recovered_5pct
WIPRO.NS,Wipro,2025-12-05,2026-01-30,18M,0.0256447517940221,2,234.22496032714844,-0.04433398774160313,-0.05328364735441515,-0.02174954687327446,False,False,True,True,True,recovered_5pct,recovered_5pct
PALASHSECU.NS,Palash Securities,2024-08-12,2024-08-16,36M,0.062729681282071,2,130.1999969482422,-0.03939444021328775,-0.0494046971399843,-0.009934299304402372,False,False,True,True,True,recovered_5pct,recovered_5pct
PALASHSECU.NS,Palash Securities,2024-11-11,2025-01-10,36M,0.1275224914119155,2,145.3000030517578,-0.11665286240749029,-0.12979419458215313,-0.027785495726776466,True,True,True,True,True,recovered_5pct,recovered_5pct
PALASHSECU.NS,Palash Securities,2025-05-20,2025-07-31,36M,0.0313471008036962,1,121.76000213623048,-0.02891092717844912,-0.031854323543110574,-0.008688844434888932,False,False,False,True,True,recovered_5pct,recovered_5pct
STARCEMENT.NS,Star Cement,2025-08-29,2025-10-07,18M,-0.0495354479929319,2,259.8099365234375,-0.01797559750476041,-0.032851313904373236,-0.033272712024004614,False,False,False,False,False,not_recovered_5pct,not_recovered_5pct
RPOWER.NS,Reliance Power,2024-12-23,2025-01-29,6M,-0.0566569234582888,2,38.650001525878906,-0.045360765547876936,-0.06706506915867572,-0.03123803214836307,False,False,True,True,True,recovered_5pct,recovered_5pct
