symbol,name,plan_date,exit_date,horizon,exit_price,partial_profit_percent,entries_reached,max_close_return_20d,max_high_return_20d,recovered_5pct_20d,recovered_to_exit_20d,max_close_return_60d,max_high_return_60d,recovered_5pct_60d,recovered_to_exit_60d,max_close_return_120d,max_high_return_120d,recovered_5pct_120d,recovered_to_exit_120d
RELIANCE.NS,Reliance Industries,2024-08-29,2024-09-10,12M,1449.0113525390625,0.0624809577270744,2,0.04423468284418397,0.04922941572792716,False,True,0.04423468284418397,0.04922941572792716,False,True,0.04423468284418397,0.04922941572792716,False,True
RELIANCE.NS,Reliance Industries,2024-11-29,2024-12-13,12M,1261.9517822265625,-0.0375914425894665,2,-0.003574513956352332,0.006403058015562957,False,True,0.02561185245488229,0.04175672122391738,False,True,0.1442040164988878,0.1481322760489725,True,True
RELIANCE.NS,Reliance Industries,2025-06-05,2025-08-05,12M,1379.7841796875,0.0202701598982604,2,0.027872834505509703,0.03299486691731346,False,True,0.0851531142707298,0.0881109881471569,True,True,0.14870993963475088,0.16277750830924953,True,True
RELIANCE.NS,Reliance Industries,2025-12-05,2026-01-19,18M,1407.0941162109375,0.0272750126645544,2,0.038978512464089565,0.053692718097291925,True,True,0.038978512464089565,0.053692718097291925,True,True,0.038978512464089565,0.053692718097291925,True,True
NTPC.NS,NTPC,2024-08-29,2024-11-06,36M,391.0780334472656,0.0500839810190703,2,-0.012472487962203238,0.004891186071518616,False,True,-0.012472487962203238,0.004891186071518616,False,True,-0.012472487962203238,0.004891186071518616,False,True
IRFC.NS,IRFC,2025-06-19,2025-07-22,9M,128.30984497070312,0.3310359853955384,1,0.03731742291572959,0.05528795284435839,True,True,0.03731742291572959,0.05528795284435839,True,True,0.03731742291572959,0.05781876246904649,True,True
IRFC.NS,IRFC,2025-09-18,2025-09-29,18M,121.9223175048828,0.22320019723321,2,0.022694326534131948,0.03420240428109689,False,True,0.08458942910911627,0.09229937113586861,True,True,0.08458942910911627,0.11323803711382596,True,True
TATAPOWER.NS,Tata Power,2024-08-29,2024-09-06,24M,412.0071105957031,-0.0453016549137651,2,0.16426862145664267,0.18669069914305103,True,True,0.16426862145664267,0.18669069914305103,True,True,0.16426862145664267,0.18669069914305103,True,True
TATAPOWER.NS,Tata Power,2025-06-05,2025-08-11,18M,381.9333190917969,-0.1112426634761443,2,0.01626327556646956,0.021207393080346026,False,True,0.06869635469406732,0.07533179420944469,True,True,0.06869635469406732,0.07533179420944469,True,True
TATAPOWER.NS,Tata Power,2026-03-10,2026-06-08,24M,401.7107849121094,-0.0303909726048823,2,0.004329550911366331,0.011922047571957695,False,True,0.004329550911366331,0.011922047571957695,False,True,0.004329550911366331,0.011922047571957695,False,True
WIPRO.NS,Wipro,2025-02-27,2025-03-12,24M,253.84214782714844,0.0773592265768163,2,0.013591472222043599,0.022900654595133796,False,True,0.013591472222043599,0.022900654595133796,False,True,0.013591472222043599,0.022900654595133796,False,True
WIPRO.NS,Wipro,2025-06-05,2025-08-07,24M,233.5540008544922,0.0479044785327937,1,0.047540358658699766,0.061777780171737406,True,True,0.060292058215644095,0.07213587994381232,True,True,0.12524765299279128,0.12702213579397847,True,True
WIPRO.NS,Wipro,2025-12-05,2026-01-30,18M,234.22496032714844,0.0256447517940221,2,0.024440776442367085,0.09704530766710695,True,True,0.024440776442367085,0.09704530766710695,True,True,0.024440776442367085,0.09704530766710695,True,True
PALASHSECU.NS,Palash Securities,2024-08-12,2024-08-16,36M,130.1999969482422,0.062729681282071,2,0.2573733529267752,0.4039939119539724,True,True,0.44923200356460313,0.5261136836065403,True,True,0.4493087662917168,0.5261136836065403,True,True
PALASHSECU.NS,Palash Securities,2024-11-11,2025-01-10,36M,145.3000030517578,0.1275224914119155,2,0.03303512010283982,0.12181690692695457,True,True,0.03303512010283982,0.12181690692695457,True,True,0.03303512010283982,0.12181690692695457,True,True
PALASHSECU.NS,Palash Securities,2025-05-20,2025-07-31,36M,121.76000213623048,0.0313471008036962,1,0.009937574435312957,0.04221418609945138,False,True,0.028662925447921372,0.10709593205277379,True,True,0.028662925447921372,0.10709593205277379,True,True
STARCEMENT.NS,Star Cement,2025-08-29,2025-10-07,18M,259.8099365234375,-0.0495354479929319,2,0.023563297238299974,0.04597705598282387,False,True,0.023563297238299974,0.04597705598282387,False,True,0.023563297238299974,0.04597705598282387,False,True
RPOWER.NS,Reliance Power,2024-12-23,2025-01-29,6M,38.650001525878906,-0.0566569234582888,2,0.09676578825657578,0.13686925981847753,True,True,0.14799475239802806,0.2121603266367713,True,True,0.8439843164131859,0.9790425574124253,True,True
