version,symbol,plan_date,exit_date,horizon,exit_type,entries_reached,capital_deployed,existing_value,strategy_return,hold_return,strategy_profit,hold_profit,incremental_profit_vs_hold,entry_close,exit_close
V6,RELIANCE.NS,2024-08-29,2024-09-10,12M,deterioration,2,5941.137158203124,17243.46,0.0624809577270744,-0.03905522175646858,1448.5958349609386,-673.4471541487957,2122.042989109734,1507.90283203125,1449.0113525390625
V6,RELIANCE.NS,2024-11-29,2024-12-13,12M,deterioration,2,5047.676267089844,17243.46,-0.0375914425894665,-0.014974463717096764,-837.9559692382825,-258.2115661272094,-579.7444031110731,1281.1361083984375,1261.9517822265625
V6,RELIANCE.NS,2025-06-05,2025-08-05,12M,deterioration,2,8451.596510009766,17243.46,0.0202701598982604,-0.03514980958979752,520.8429040527348,-606.1043356692899,1126.9472397220247,1430.0501708984375,1379.7841796875
V6,RELIANCE.NS,2025-12-05,2026-01-19,18M,deterioration,2,6042.027995605469,17243.46,0.0272750126645544,-0.08243543030529488,635.1119799804686,-1421.47204505214,2056.5840250326087,1533.5096435546875,1407.0941162109375
V6,NTPC.NS,2024-08-29,2024-11-06,36M,deterioration,2,4605.4883404541015,9546.68,0.0500839810190703,0.003702976455890239,708.7969305419908,35.35113127191823,673.4457992700726,389.6352233886719,391.0780334472656
V6,NTPC.NS,2026-03-10,2026-04-27,12M,target,2,4412.025298461915,9546.68,0.1136254050169742,0.08719852502268988,1586.0635430503187,832.456414863613,753.6071281867057,373.2677917480469,405.8161926269531
V6,IRFC.NS,2024-12-13,2024-12-16,6M,target,1,4505.140884399414,18142.0,0.5321210837154251,-0.002385129864982738,12051.021150462528,-43.271026010516835,12094.292176473045,155.3496856689453,154.97915649414062
V6,IRFC.NS,2025-06-19,2025-07-22,9M,deterioration,1,4415.244171142578,18142.0,0.3310359853955384,-0.011938058258062711,7467.259552001949,-216.58025291777372,7683.839804919722,129.86012268066406,128.30984497070312
V6,IRFC.NS,2025-09-18,2025-09-29,18M,deterioration,2,8869.88907470703,18142.0,0.22320019723321,-0.038904729457061915,6029.0589691162,-705.8096018100173,6734.868570926217,126.85768127441406,121.9223175048828
V6,TATAPOWER.NS,2024-08-29,2024-09-06,24M,deterioration,2,14671.024251098632,30642.5,-0.0453016549137651,-0.03225808995137225,-2052.7776385497964,-988.4685213349242,-1064.3091172148722,425.7406921386719,412.0071105957031
V6,TATAPOWER.NS,2025-06-05,2025-08-11,18M,deterioration,2,4596.0638671875,30642.5,-0.1112426634761443,-0.017756941130672832,-3920.031701660157,-544.1170685966423,-3375.914633063515,388.837890625,381.9333190917969
V6,TATAPOWER.NS,2026-03-10,2026-06-08,24M,deterioration,2,14930.700219726565,30642.5,-0.0303909726048823,0.060057779783550425,-1385.0138793945262,1840.320517017444,-3225.3343964119704,378.9517822265625,401.7107849121094
V6,WIPRO.NS,2024-08-29,2024-12-09,24M,target,2,33925.775234985354,68265.1,0.234045748673991,0.1277150695997411,23917.339902022555,8718.481997733286,15198.857904289269,249.6377868652344,281.5202941894531
V6,WIPRO.NS,2024-11-29,2025-01-23,24M,target,1,16870.153381347653,68265.1,0.2985562816844997,0.09959346396916047,25417.66468980289,6798.757777201136,18618.906912601753,267.7802124023437,294.4493713378906
V6,WIPRO.NS,2025-02-27,2025-03-12,24M,deterioration,2,33991.871898803714,68265.1,0.0773592265768163,-0.08811539524941625,7910.520258178695,-6015.206268240926,13925.726526419621,278.37091064453125,253.84214782714844
V6,WIPRO.NS,2025-06-05,2025-08-07,24M,deterioration,1,16873.98486328125,68265.1,0.0479044785327937,-0.0034429805542989245,4078.543463134758,-235.03541183727154,4313.57887497203,234.36090087890625,233.5540008544922
V6,WIPRO.NS,2025-12-05,2026-01-30,18M,deterioration,2,34043.99098205565,68265.1,0.0256447517940221,-0.06499880918081968,2623.691244506842,-4437.150208609574,7060.841453116416,250.5076599121093,234.22496032714844
V6,PALASHSECU.NS,2024-08-12,2024-08-16,36M,deterioration,2,17411.287115478517,35025.0,0.062729681282071,-0.057409741940558257,3289.3115783691337,-2010.776211468053,5300.087789837186,138.1300048828125,130.1999969482422
V6,PALASHSECU.NS,2024-11-11,2025-01-10,36M,deterioration,2,17423.71095033527,35025.0,0.1275224914119155,-0.13326173001209218,6688.3902917301675,-4667.492093673529,11355.882385403696,167.63999938964844,145.3000030517578
V6,PALASHSECU.NS,2025-05-20,2025-07-31,36M,deterioration,1,8656.899871826174,35025.0,0.0313471008036962,-0.015444295795214669,1369.3009185790993,-540.9364602273938,1910.237378806493,123.66999816894533,121.76000213623048
V6,PALASHSECU.NS,2026-02-19,2026-02-20,36M,stop_loss,1,8689.069755554197,35025.0,-0.15,-0.018949078420222087,-6557.11046333313,-663.6914716682786,-5893.418991664851,97.62999725341795,95.77999877929688
V6,PALASHSECU.NS,2026-05-27,2026-06-10,36M,stop_loss,2,17441.915962066654,35025.0,-0.15,-0.06447698282148684,-7870.037394309998,-2258.3063233225766,-5611.731070987421,98.9499969482422,92.56999969482422
V6,STARCEMENT.NS,2025-08-29,2025-10-07,18M,deterioration,2,11443.91029315104,23271.600000000002,-0.0495354479929319,-0.0846922722047101,-1719.6483546744755,-1970.9246818391316,251.2763271646561,283.8498229980469,259.8099365234375
V6,RPOWER.NS,2024-12-23,2025-01-29,6M,deterioration,2,44936.9947926835,90022.5,-0.0566569234582888,-0.11737838050206262,-7646.389766438396,-10566.695258746931,2920.3054923085356,43.790000915527344,38.650001525878906
